case_id,candidate_count,selected_index,oracle_index,seed_count,any_seed_in_gt,union_gt_recall,max_candidate_recall,min_centroid_distance_radii,selected_dice,selected_precision,selected_recall,selected_boundary_f1_2px,selected_assd_px,selected_hd95_px,oracle_dice,oracle_precision,oracle_recall,oracle_boundary_f1_2px,oracle_assd_px,oracle_hd95_px,boundary_gradient_median,boundary_gradient_p25,weak_boundary_fraction,normal_gradient_abs_median,normal_gradient_sign_consistency,ring_intensity_distance_iqr,gt_compactness,selection_regret,failure_class
TCGA_CS_4941_19960909_14,682,224,457,20,1,0.9986096628432395,0.9986096628432395,0.029082251072244755,0.86960933536276,0.8468379446640316,0.8936392075078207,0.6536980872353783,0.9743242539608443,5.0990195135927845,0.881123557933456,0.8489046391752577,0.9158846020159889,0.7305482373604316,0.6830985706341595,3.273096063992282,0.05970171847447356,0.03778259529904704,0.07756232686980609,0.053583510961318824,0.9792243767313019,1.2563385360414834,0.2852658144292741,0.011514222570696009,C
TCGA_CS_4942_19970222_11,552,22,90,20,1,0.9993502274204028,0.9993502274204028,0.018664511205943462,0.9567514031033344,0.9724832214765101,0.9415204678362573,0.9718527526538472,0.3654021789967122,1.4142135623730951,0.9582389122693429,0.9548387096774194,0.9616634178037686,0.9485933127117396,0.37567947254504747,2.0,0.06242034751252135,0.050142542911644966,0.0034482758620689655,0.059912988540351514,1.0,1.5344907050416252,0.9457501283920636,0.0014875091660084827,C
TCGA_CS_4943_20000902_17,568,359,325,20,1,0.9867141931302658,0.9867141931302658,0.046527000325186745,0.9506578947368421,0.9652638610554443,0.9364873622812703,0.8725678689533186,0.6737742404212809,2.8284271247461903,0.9519504436631508,0.9847592656737097,0.9212572909915748,0.8694511505882024,0.6099804242604854,2.23606797749979,0.06841861625506335,0.05509641205116936,0.08292682926829269,0.06397450425489842,0.9975609756097561,0.6155991818208211,0.9410521904414811,0.0012925489263087009,C
TCGA_CS_4944_20010208_10,471,187,116,20,1,0.9930521893682339,0.9930521893682339,0.0060806381190173795,0.9516636318490316,0.9755642287459698,0.9289061237679754,0.6778534640305699,0.7892933057666769,3.1622776601683795,0.9574947673482531,0.9541151933258463,0.9608983680723865,0.7516607516607516,0.805316618414816,4.0,0.04338001999183349,0.030694974149040266,0.11221122112211221,0.038747957338602416,0.9834983498349835,0.4574956796343125,0.8584151138757887,0.00583113549922154,C
TCGA_CS_5393_19990606_9,494,173,95,20,1,0.9887275832621691,0.9887275832621691,0.006065157173251916,0.9648292188028407,0.9552988448016072,0.9745516652433818,0.8556981421183681,0.4846919293053613,2.23606797749979,0.9676586960261483,0.9747010916652227,0.9607173356105893,0.8663711209626346,0.4153450470786128,2.0,0.04215857900920023,0.031076630833220764,0.11029411764705882,0.03931262540546338,0.9647058823529412,0.3819320711690405,0.6440259440063943,0.0028294772233076193,C
TCGA_CS_5395_19981004_13,566,257,1,20,1,0.9988095238095238,0.9988095238095238,0.10944598515606675,0.9074837949322333,0.8984830805134189,0.9166666666666666,0.8371769291448193,0.5928791456954499,2.23606797749979,0.9085510688836105,0.9063981042654028,0.9107142857142857,0.8403218975010588,0.6095872357809647,2.8284271247461903,0.04151810730726807,0.03136740277513133,0.07142857142857142,0.038415605778407386,0.9747899159663865,0.8198844488578096,0.7711119377641897,0.001067273951377179,C
TCGA_CS_5396_20010302_15,502,220,87,20,1,0.9553221787112851,0.9553221787112851,0.03825062877643975,0.9345556866660616,0.9535099092424523,0.9163403346386615,0.7322634025898977,0.7839215075181604,4.0,0.9345794392523364,0.9531741625023136,0.9166963332146671,0.7336161198819218,0.7826797384423612,4.0,0.03598191645250378,0.02040931791615688,0.13233287858117326,0.03204835897695175,0.9113233287858117,0.9703673019770424,0.5270228292235104,2.3752586274849996e-05,C
TCGA_CS_5397_20010315_10,441,164,128,20,1,0.9979494190020506,0.9979494190020506,0.1326925656029055,0.38123935543036813,0.23581847649918963,0.9945317840054683,0.2048,17.10890051210582,57.84022585227873,0.9044193216855088,0.9065934065934066,0.9022556390977443,0.7370523751522534,0.9937225724355525,4.188854381999821,0.018100981901082835,0.01121766431883461,0.3888888888888889,0.016773438056752604,0.9901960784313726,0.521289534162935,0.8063067500898824,0.5231799662551406,S
TCGA_CS_6186_20000601_16,489,99,42,20,1,0.9865319865319865,0.9865319865319865,0.05816088514349459,0.9355728252694911,0.9769633507853404,0.8975468975468975,0.8926008090826046,1.0907109653316065,7.259407687774756,0.9358302122347066,0.9730010384215991,0.9013949013949014,0.8907383456109768,1.0886188599471964,7.245606220104248,0.03400479592927864,0.02656729642219881,0.06164383561643835,0.030382144840946375,0.9840182648401826,1.307647856431599,0.5548107733705786,0.0002573869652154892,C
TCGA_CS_6188_20010812_15,422,36,37,20,1,0.9138134592680047,0.9138134592680047,0.03192400024388504,0.9244712990936556,0.9467821782178217,0.9031877213695395,0.9634352351370497,0.3382760705170895,1.4142135623730951,0.926391382405745,0.9393203883495146,0.9138134592680047,0.9817892221927264,0.3284010977989575,1.4142135623730951,0.019890669184816023,0.01162713722200918,0.21678321678321677,0.01733620236207392,0.9370629370629371,1.0517328936088737,0.5508884586903737,0.0019200833120894822,C
TCGA_CS_6290_20000917_8,490,220,43,20,1,0.9933024214322514,0.9933024214322514,0.003570665299362894,0.9634691195795007,0.9833690987124464,0.9443585780525502,0.9499176728869374,0.31133779505622117,1.4142135623730951,0.9645576266736676,0.9834047109207709,0.9464193714580114,0.9498826453127157,0.30542864735304803,1.4142135623730951,0.054136577425575136,0.03961858658263339,0.05789473684210526,0.05051780948756478,0.9921052631578947,1.3354772186418837,0.6901121933698579,0.0010885070941669683,C
TCGA_CS_6665_20010817_18,520,235,274,20,1,0.9607287449392713,0.9607287449392713,0.1926068948071221,0.4630859375,0.30514800514800516,0.959919028340081,0.2822252374491181,27.0223003345394,92.74425475677552,0.7081682701377099,0.6630166019074532,0.759919028340081,0.24275362318840576,3.984189493612481,18.361636208880814,0.04525422152450578,0.03112418389537201,0.10550458715596331,0.04019528657074438,0.981651376146789,0.6236748965317667,0.659154694673078,0.2450823326377099,S
TCGA_CS_6666_20011109_17,594,122,342,20,1,0.9990505577972941,0.9990505577972941,0.059760262359106316,0.9276211950394588,0.8834013313291819,0.9765013054830287,0.6372647794858461,2.7832463703605557,14.672751583480828,0.9493494423791822,0.9296928327645051,0.9698552100640874,0.7208929166120032,1.7346567678680478,9.649744150086049,0.06897896026954962,0.042456278544037614,0.08658008658008658,0.0629115757150665,0.9025974025974026,0.8211677773484978,1.0095558703740413,0.02172824733972334,C
TCGA_CS_6667_20011105_13,543,302,371,20,1,0.9575070821529745,0.9575070821529745,0.024948906319487634,0.9387875220718069,0.9767299448867116,0.9036827195467422,0.874201205039255,0.41945498603352355,2.0,0.9404553415061296,0.9698976520168573,0.9127478753541076,0.8856926570779713,0.40732232538268964,2.0,0.07563524348278226,0.05729219927889077,0.030201342281879196,0.07088543182390192,0.9765100671140939,2.4246728759998293,1.0264077067117254,0.0016678194343227037,C
TCGA_CS_6668_20011025_17,429,23,9,19,1,0.9919404835709857,0.9919404835709857,0.053786513976013986,0.9411035337879727,0.9411035337879727,0.9411035337879727,0.890087660148348,0.4836796558259387,2.0,0.9417924237757931,0.9357405140758874,0.9479231246125233,0.8754083061129257,0.504136695070616,2.3249218495867363,0.037769540515437336,0.025036354623858077,0.0,0.033381670413017,1.0,1.2772855946854293,0.8658872997972014,0.0006888899878203514,C
TCGA_CS_6669_20020102_16,414,139,138,20,1,0.9892033848847388,0.9892033848847388,0.09411860116739051,0.8974218321448162,0.8465717981888745,0.9547709366793113,0.6479031525017559,1.04014656110824,5.674264014027656,0.9043746494671902,0.8704453441295547,0.9410563174788444,0.6571067879454893,0.9084371175877856,4.123105625617661,0.017463421062903668,0.011629639243174726,0.30368098159509205,0.015281921782072173,0.9815950920245399,0.5050162312802544,0.4102361691758572,0.006952817322373961,C
TCGA_DU_5849_19950405_24,350,14,345,20,1,0.991869918699187,0.991869918699187,0.052361134176682644,0.9507227332457293,0.9228316326530612,0.9803523035230353,0.8614025400331308,0.644986907429537,3.842220510185582,0.9584450402144772,0.9482758620689655,0.9688346883468835,0.9208331347409562,0.5007981265721518,2.23606797749979,0.05066463571950669,0.03724359204760676,0.0034965034965034965,0.04849746982811555,1.0,1.2518316734126818,0.9070352108555464,0.007722306968747872,C
TCGA_DU_5851_19950428_19,463,8,4,20,1,1.0,1.0,0.004314449400845431,0.8695838695838696,0.7707224334600761,0.9975393700787402,0.46975673149267,1.1623952135010434,5.0,0.9556148435605142,0.9421329507412721,0.969488188976378,0.8736046592248491,0.24621657490682436,1.4142135623730951,0.05711505826457329,0.043402720622100446,0.02391304347826087,0.0508671835021417,0.967391304347826,0.9412554063694549,0.486925594255887,0.08603097397664461,C
TCGA_DU_5852_19950709_13,521,265,136,20,1,0.9939393939393939,0.9939393939393939,0.0722612321864566,0.27094002973732034,0.1568477429227238,0.9939393939393939,0.18162554866051162,14.262876980827077,46.424107505674975,0.7552721922511035,0.6342668863261944,0.9333333333333333,0.69477781381771,1.4929250092906992,7.211102550927978,0.020195783787399207,0.011582760394046255,0.5887096774193549,0.017462416778740702,0.9220430107526881,0.3845271739601872,0.3129832072468056,0.4843321625137832,S
TCGA_DU_5853_19950823_29,591,190,525,20,1,0.9949238578680203,0.9949238578680203,0.3307790965154978,0.34466588511137164,0.20843672456575682,0.9949238578680203,0.04865600544402857,20.95197179428267,61.5223536610881,0.7690782953419227,0.6308943089430894,0.9847715736040609,0.49505572123685443,3.929297062681808,18.667238852894222,0.034444657627740904,0.016625072998471605,0.5350877192982456,0.02413951431399735,0.7543859649122807,0.31650776855128737,1.184107945325311,0.4244124102305511,S
TCGA_DU_5854_19951104_27,458,57,55,20,1,0.9617414248021108,0.9617414248021108,0.12773736848218947,0.8921815889029003,0.8544685990338164,0.933377308707124,0.7142689866747851,1.0675984424121332,5.830951894845301,0.8957708957708957,0.9045057162071285,0.887203166226913,0.6805970149253732,0.7743772949286365,3.605551275463989,0.05765135116697327,0.03526966144548786,0.1484848484848485,0.05244214810607161,0.9272727272727272,1.0315401283529042,0.7170242708179206,0.003589306867995412,C
TCGA_DU_5855_19951217_17,497,266,338,20,1,0.968705547652916,0.9652509652509652,0.02579262008015985,0.956397426733381,0.9612068965517241,0.9516358463726885,0.8631373309872818,0.6998170144159533,3.0,0.9579551382368284,0.9843481989708405,0.9329404592562487,0.8550914434512479,0.5775228098432775,2.23606797749979,0.0642757463051813,0.042191774431227284,0.081374321880651,0.059237301363302186,0.9439421338155516,1.2022922124908444,0.8358443689615745,0.001557711503447412,C
TCGA_DU_5871_19941206_23,432,159,132,20,1,0.9858375746846647,0.9858375746846647,0.021836008941240645,0.9611564775987641,0.9586176535329077,0.9637087851294535,0.8394235044858883,0.8117724068171487,3.605551275463989,0.9622093023255814,0.9724293785310735,0.9522018145607435,0.8423021095844055,0.658786145760991,3.0,0.03351912922594959,0.01756843374575451,0.1092436974789916,0.03051064273940688,0.9327731092436975,1.1126832354598,1.0110101444974806,0.0010528247268173363,C
TCGA_DU_5872_19950223_39,399,139,139,20,1,0.9984620116887112,0.9984620116887112,0.24549102785619686,0.8199620972836387,0.6957547169811321,0.9981544140264534,0.4150833012006541,5.9027063636167485,19.715472727398875,0.8199620972836387,0.6957547169811321,0.9981544140264534,0.4150833012006541,5.9027063636167485,19.715472727398875,0.07811571139815926,0.0524623603415548,0.005208333333333333,0.07424743210244078,0.9869791666666666,0.812191454069665,1.131669553109982,0.0,C
TCGA_DU_5874_19950510_24,483,22,22,20,1,0.8948545861297539,0.8948545861297539,0.15463549063349033,0.8932617769827073,0.9565772669220945,0.8378076062639821,0.8513893774182203,0.36375015365193697,1.4142135623730951,0.8932617769827073,0.9565772669220945,0.8378076062639821,0.8513893774182203,0.36375015365193697,1.4142135623730951,0.040853141937201555,0.02288064388156401,0.08133971291866028,0.03722442470508305,0.9712918660287081,1.0479034783777477,1.0386774527761382,0.0,C
TCGA_DU_6399_19830416_23,464,122,227,20,1,0.9965277777777778,0.9965277777777778,0.028318083632567343,0.9605295415543025,0.9495879786718371,0.9717261904761905,0.9287474877706571,0.41464882987126256,2.0,0.9697885196374623,0.9846625766871165,0.9553571428571429,0.9909365558912386,0.2785539222948387,1.4142135623730951,0.0882504150685075,0.07171575716649228,0.008875739644970414,0.08410961140370804,0.9644970414201184,1.3458702387718608,0.9083797611437846,0.009258978083159786,C
TCGA_DU_6400_19830518_22,554,267,223,20,1,0.983989753442203,0.983989753442203,0.02380414345740166,0.9540050062578223,0.9327011318446008,0.9763048350944604,0.8757377013281361,0.5683826256737134,2.23606797749979,0.9621828626136908,0.958969465648855,0.9654178674351584,0.9127200185162734,0.400255996028713,2.0,0.07769286324304807,0.04942055912212378,0.06855791962174941,0.0722231427390882,0.9881796690307328,0.5779969633098272,0.8334170491757176,0.00817785635586854,C
TCGA_DU_6401_19831001_30,540,255,534,20,1,0.9965968117499552,0.9965968117499552,0.007982744790254391,0.9534623655913979,0.9172459450513075,0.9926562779867455,0.7878993881713121,0.5761558009999956,3.4504055101105156,0.9787886993410958,0.9865356622998545,0.9711624574601468,0.9700797097055545,0.26407451430150164,1.4142135623730951,0.09105585533044624,0.06022761228410603,0.023474178403755867,0.08585224046345963,0.9796557120500783,1.0773255677865383,0.6683246374405633,0.02532633374969795,C
TCGA_DU_6404_19850629_35,500,36,58,20,1,0.9807492195629552,0.9807492195629552,0.04825880203590713,0.9474229474229474,0.9432697266632285,0.9516129032258065,0.8741042377787093,0.4925054490672502,2.23606797749979,0.9526813880126183,0.9628055260361318,0.9427679500520292,0.9068126614488955,0.3977471372561501,2.0,0.08990093838729452,0.06393923400473742,0.003257328990228013,0.08602761841362044,0.996742671009772,0.5844656590100474,0.9798598044865321,0.005258440589670843,C
TCGA_DU_6405_19851005_46,572,177,0,20,0,0.0,0.0,0.5847819054725855,0.0,0.0,0.0,0.0,42.165979431655806,69.0,0.0,0.0,0.0,0.0,75.00604267894178,100.70749283050904,0.02546568454110664,0.015247841693708245,0.6118421052631579,0.021619607649133097,0.9539473684210527,0.4022809941530097,0.5719094892932477,0.0,L
TCGA_DU_6407_19860514_27,554,114,179,20,1,1.0,1.0,0.005915403266236353,0.9678225554514215,0.9430745814307459,0.9939043952518447,0.9399178574063599,0.40898946012623655,2.0,0.9768944902245921,0.9840494791666666,0.9698427975617581,0.9975062344139651,0.2689657933720537,1.0,0.08195437241299479,0.06132177520315002,0.016826923076923076,0.07721610480055519,0.9903846153846154,1.3326929982266185,0.9230223679175302,0.009071934773170587,C
TCGA_DU_6408_19860521_31,537,533,365,20,1,0.9953720844131803,0.9953720844131803,0.002850674145874239,0.9440883190883191,0.909433962264151,0.9814883376527213,0.7680085595827203,0.5221638300745004,2.23606797749979,0.9509275335831124,0.9390001804728388,0.9631617919289153,0.8242810679070086,0.3926964347278013,2.0,0.05859988698096036,0.03886269075500186,0.036384976525821594,0.05389214210131725,0.9706572769953051,0.6926003666432846,0.3740634246884684,0.0068392144947933,C
TCGA_DU_7008_19830723_26,456,145,78,20,1,0.9188770571151984,0.9188770571151984,0.015116451791643086,0.8900138971610085,0.9132206151965777,0.8679574056147145,0.5850000000000001,1.1591548411836914,6.074486277268386,0.8904565941602979,0.9014084507042254,0.8797676669893514,0.5774569683509161,1.0875827118566384,5.0,0.027202236088017563,0.016896563812684763,0.2073732718894009,0.022619520242067367,0.869815668202765,0.6080384139995816,0.33832334721524643,0.00044269699928933814,C
TCGA_DU_7010_19860307_38,445,172,198,20,1,0.9866731281802762,0.9866731281802762,0.05224910274388293,0.8502293577981651,0.8070977574569997,0.8982311606493821,0.6063534091693387,2.028728617472241,12.82455532033676,0.8665256872745366,0.8903374233128835,0.8439544463290526,0.6466855273310166,1.5140897487522889,7.280109889280518,0.03885769540663334,0.024885194168846655,0.21234119782214156,0.03464058398137805,0.969147005444646,0.4266611570213237,0.17206781505522073,0.016296329476371496,C
TCGA_DU_7013_19860523_17,536,187,186,20,0,0.9856972586412396,0.9856972586412396,1.9128340552025944,0.3934816224574759,0.24580175360380443,0.9856972586412396,0.3530290301502847,26.843900938548945,87.78885780614195,0.3973941368078176,0.2491302374829829,0.9815256257449344,0.34233270580181413,28.405359617342626,86.7557221253996,0.04368575525153431,0.021745222903681916,0.31524008350730687,0.04043036614420269,0.9624217118997912,0.522319297216536,0.3722613143649984,0.003912514350341678,B
TCGA_DU_7014_19860618_36,530,146,104,20,1,0.9900142653352354,0.9900142653352354,0.026816291284706962,0.9252700746185544,0.8703121726377541,0.9876367094626723,0.660511636853241,1.9004355706979277,10.700237713501828,0.9516223497715826,0.9378896328792427,0.9657631954350927,0.8247656693344815,0.6490090001382695,2.4730116363983363,0.04911931614786423,0.03234120511079571,0.10036496350364964,0.04503901455446918,0.9379562043795621,0.7734977615427849,0.7091756873698505,0.026352275153028182,C
TCGA_DU_7018_19911220_22,380,177,176,20,1,0.9468367889420521,0.9468367889420521,0.19829261126236636,0.8499581889857842,0.7718594055109568,0.9456406166932483,0.5472658132933426,8.555347791451842,42.720018726587654,0.8583222046861722,0.7899441340782123,0.9396597554492291,0.5541157970988887,8.076014983112552,42.94240321130084,0.033410770038365685,0.021024348938484275,0.14856557377049182,0.03005155594063981,0.9620901639344263,1.0945895961894896,0.39540388549075345,0.008364015700387917,C
TCGA_DU_7019_19940908_15,472,116,154,20,1,0.9889742733043769,0.9889742733043769,0.16795079863098122,0.6632298554297882,0.49898819561551433,0.9886401603742064,0.4345403899721449,11.1753055681244,51.94354569948415,0.8897827835880934,0.8581626319056487,0.9238222519211493,0.5464130185652075,1.6660288466699997,10.177378084592174,0.03505299357981482,0.02188232483449432,0.18761726078799248,0.03292447669533137,0.9718574108818011,0.6056242561905301,0.5315612421387824,0.2265529281583052,S
TCGA_DU_7294_19890104_25,504,82,68,20,1,0.9696629213483146,0.9696629213483146,0.1384336090355764,0.5155688622754491,0.3514285714285714,0.9674157303370786,0.2943506969919296,11.574665120341706,42.381598534352115,0.8839336763865066,0.89988358556461,0.8685393258426967,0.8073270013568521,0.7267872536099438,3.1622776601683795,0.06379583699629733,0.04336210114253219,0.08116883116883117,0.058559807191436816,0.987012987012987,0.5848270796537081,0.48407504530708195,0.3683648141110575,S
TCGA_DU_7298_19910324_14,514,117,254,20,1,0.9990222439501344,0.9990222439501344,0.006644447232362663,0.9521404521404522,0.9370414201183432,0.9677340503544366,0.8615975712251934,0.3852291030103236,2.0,0.9524158125915081,0.9507917174177832,0.9540454656563188,0.8708202343526722,0.3992201294009692,2.0,0.058895200626857894,0.039636895423877494,0.06528189910979229,0.05220221236273711,0.9807121661721068,0.7232407074529426,0.460836012256972,0.0002753604510559171,C
TCGA_DU_7299_19910417_25,462,136,159,20,1,0.9990950226244344,0.9990950226244344,0.11132189709725697,0.2950688226647067,0.17309501411100658,0.9990950226244344,0.11421319796954313,28.947297018255927,90.36425844515972,0.8024401689347724,0.8333333333333334,0.7737556561085973,0.7571107064903927,0.777812855258683,4.47213595499958,0.015262074795467314,0.010081700806953094,0.5012285012285013,0.013512672784859674,0.9606879606879607,0.4385293455134933,0.34370039179385287,0.5073713462700657,S
TCGA_DU_7300_19910814_16,383,127,55,20,1,0.9854280510018215,0.9854280510018215,0.009609922904057388,0.899537825346631,0.9655352480417755,0.8419854280510018,0.7491299113494583,0.6208929328485185,3.1622776601683795,0.9116901083698409,0.9234002802428771,0.9002732240437158,0.7565622549245744,0.6721319607712469,3.605551275463989,0.015569173639125914,0.010309547023893076,0.25523012552301255,0.01395872359141119,0.9748953974895398,0.7878463066278827,0.4912985787378773,0.01215228302320992,C
TCGA_DU_7301_19911112_22,495,193,127,20,1,0.4232936756418284,0.4232936756418284,0.33206100853075027,0.3366235098064351,0.2850010853049707,0.4110832811521603,0.2341334532576311,12.237010029731449,49.419402476097694,0.45878136200716846,0.7023886378308586,0.3406386975579211,0.37010944096372583,2.39561099979176,11.69614068651382,0.032287468661592614,0.01627682787966704,0.228643216080402,0.028994714785127225,0.9246231155778895,0.8246860109568326,1.0342185509096564,0.12215785220073339,L
TCGA_DU_7302_19911203_24,431,80,78,20,1,0.9948622139187295,0.9948622139187295,0.0704519906944638,0.9063573883161512,0.8389662027833003,0.985520784680056,0.6389496717724289,1.9333828544117324,13.22704259680089,0.9241727941176471,0.9095431931252826,0.9392807099486221,0.8302724115884617,0.5256572789893098,3.0,0.031260129625133734,0.018291443021530004,0.1475,0.028699097109885795,0.9525,1.277606463583426,0.6862717958712409,0.017815405801495876,C
TCGA_DU_7304_19930325_24,478,122,121,20,1,0.9705008003658816,0.9705008003658816,0.2303615779753309,0.8687772681507999,0.8504161191414805,0.8879487765835811,0.6358595194085028,2.720885550398167,15.533827043213229,0.8747099767981439,0.8876854250058865,0.8621083924079579,0.6131095156902168,2.63035875270276,14.866068747318506,0.01900012909037071,0.0121288551244557,0.30045871559633025,0.017115941750126436,0.9908256880733946,0.8818725835695311,0.2917493400613187,0.005932708647343965,C
TCGA_DU_7306_19930512_22,484,263,108,20,1,0.7004830917874396,0.7004830917874396,0.41091724052593415,0.0,0.0,0.0,0.0,59.222172797149994,90.0,0.5221548078690936,0.5167394468704513,0.5276848755109624,0.3646715568125004,6.6020136751371545,31.943692640470363,0.03895575825491398,0.02115998776801354,0.15895953757225434,0.03669483840591442,0.9132947976878613,0.8302697542547002,1.0322060780571476,0.5221548078690936,B
TCGA_DU_7309_19960831_26,390,112,93,20,1,0.9664107485604606,0.9664107485604606,0.1524251420370219,0.2702630166398282,0.15709828393135725,0.9664107485604606,0.2809914356220061,42.34171897988434,103.04246683787134,0.9098631429919773,0.8950789229340761,0.9251439539347409,0.8082133181234851,0.7771899732567173,3.9605551275463897,0.0616245981452119,0.042486449813512475,0.032,0.05546972641558533,0.96,1.7084232319562977,0.8655005737427194,0.6396001263521491,S
TCGA_DU_8162_19961029_15,324,106,105,20,1,0.9632802937576499,0.9632802937576499,0.030368521085500096,0.9392298435619735,0.9236686390532545,0.9553243574051408,0.8431673794793008,0.5073116716230643,2.23606797749979,0.943104514533086,0.953125,0.9332925336597307,0.8943582253058244,0.43599392186174846,2.0826237921249184,0.025546449990062774,0.015999666564214532,0.2514792899408284,0.02348051457312044,0.9497041420118343,0.563631423356389,0.7104999856005461,0.0038746709711124927,C
TCGA_DU_8163_19961119_16,483,62,201,20,1,0.9571750563486101,0.9571750563486101,0.08683507710566234,0.0,0.0,0.0,0.0,77.85586327610505,103.4059655165445,0.8614958448753463,0.7989723827874117,0.9346356123215628,0.6683511639159185,1.756713786142701,9.486832980505138,0.0501656874242416,0.030165846134979857,0.18604651162790697,0.044954003386217994,0.9883720930232558,0.7256618641749706,1.020864214337271,0.8614958448753463,S
TCGA_DU_8164_19970111_22,341,15,72,19,1,0.9244851258581236,0.9244851258581236,0.029238096280817617,0.9230158730158731,0.9619520264681555,0.8871090770404272,0.7726512543039843,0.5260460687170465,2.23606797749979,0.9264935064935065,0.9469073533315636,0.9069412662090007,0.7890701945856735,0.5894922500037761,2.8284271247461903,0.0267259146602156,0.018090056876485724,0.10456273764258556,0.0249101189896032,0.9790874524714829,1.2326802809140098,0.698506637264227,0.003477633477633413,C
TCGA_DU_8165_19970205_14,496,191,144,20,1,1.0,1.0,0.19967959835935561,0.5454545454545454,0.375,1.0,0.0,4.185170829278988,12.0,0.7451984635083226,0.5938775510204082,1.0,0.5298416565164433,1.7587800782781269,8.231467198674547,0.028669892879097783,0.01743633104133005,0.5,0.0253047266654963,0.8349514563106796,0.28533589635694084,0.7169520338741171,0.19974391805377723,S
TCGA_DU_8166_19970322_25,436,118,79,20,1,0.9905778894472361,0.9905778894472361,0.06263352918705802,0.6787904874636823,0.5162874447536422,0.9905778894472361,0.26279887987362677,5.272518103928678,31.78049716414141,0.8701398493929614,0.8519410171531748,0.8891331658291457,0.7605229591836735,0.7473462133312768,3.1622776601683795,0.01775083918690463,0.011093491256878306,0.47240618101545256,0.014983151850110371,0.9359823399558499,0.5950125277660473,0.1993548909643934,0.1913493619292791,S
TCGA_DU_8167_19970402_19,464,22,159,20,1,0.5582275060794379,0.5582275060794379,0.7699799648533526,0.10386288053210539,0.9759615384615384,0.0548500405295866,0.2662950921195232,24.964730206255837,66.80826583917259,0.39036372224846483,0.300116211504939,0.5582275060794379,0.18343001209338555,26.041991290320613,74.33034373659252,0.026736768667029728,0.01765887515477802,0.2637795275590551,0.023442192042771003,0.8090551181102362,0.4507399180304852,0.7323654831780042,0.2865008417163594,B
TCGA_DU_8168_19970503_20,395,52,52,20,1,0.9788349514563107,0.9788349514563107,0.11344124945045833,0.9292165898617512,0.8843859649122807,0.9788349514563107,0.6860714244795545,2.2102578807741833,14.907875655082107,0.9292165898617512,0.8843859649122807,0.9788349514563107,0.6860714244795545,2.2102578807741833,14.907875655082107,0.02810505657061539,0.018315059158515286,0.10207939508506617,0.026140389137943643,0.9735349716446124,1.32772878693579,0.9285584346869327,0.0,C
TCGA_DU_A5TP_19970614_27,504,36,94,20,1,0.9838175799926444,0.9838175799926444,0.024124640693466176,0.9397003745318352,0.957268218237314,0.9227657226921663,0.9044319017798084,0.4757473157483194,2.23606797749979,0.9401421623643846,0.9566044918157595,0.924236851783744,0.9064158343035725,0.4693969164229127,2.23606797749979,0.023815392915023884,0.016452907791037294,0.3416666666666667,0.02196445011496399,0.975,0.6282653411666845,0.38218769029919986,0.0004417878325494451,C
TCGA_DU_A5TR_19970726_19,331,31,151,20,1,0.968476357267951,0.968476357267951,0.027507616811737544,0.0,0.0,0.0,0.0,71.81507603257266,134.04625060049116,0.8916261256598695,0.8456705281759277,0.9428633975481612,0.6242738749903183,1.7903866347047972,10.207798138565703,0.014804052451823837,0.010220027279625093,0.2731829573934837,0.013023121376909304,0.9649122807017544,0.635282138843295,0.3642125828245154,0.8916261256598695,S
TCGA_DU_A5TS_19970726_16,466,187,216,20,1,0.8448149056141211,0.8448149056141211,0.11626390041300694,0.8601292807041673,0.9796365914786967,0.7666094631037019,0.6356475175311525,1.2264018415490046,9.704047873279684,0.9025667888947093,0.9687939274669666,0.8448149056141211,0.7031449757095372,0.5505735668507236,4.0,0.03060105720541318,0.020039878362995887,0.05921052631578947,0.0277962252946846,0.9835526315789473,0.7105477271928345,0.5620172989777361,0.04243750819054204,C
TCGA_DU_A5TT_19980318_49,518,499,0,20,0,0.0,0.0,1.2637309811425965,0.0,0.0,0.0,0.0,52.05630437203361,86.02325267042627,0.0,0.0,0.0,0.0,93.19333705888559,111.13594441772682,0.0382490991383688,0.027005392674429467,0.5511363636363636,0.03537775142324686,0.9715909090909091,0.4065683054206932,0.5026382221556326,0.0,L
TCGA_DU_A5TU_19980312_16,593,257,227,20,1,0.9861190612478534,0.9861190612478534,0.1756255801834467,0.872237339881861,0.813343235548954,0.9403262736119061,0.5157526254375729,2.862668688892278,15.288842911260522,0.8730444045003661,0.8162579360139425,0.9383228391528334,0.5190391596508843,2.8201218504821615,15.112856036011822,0.02003338010345468,0.014675062717460156,0.17654028436018956,0.018059589168109944,0.9798578199052133,0.36168381068517635,0.4978106454259462,0.0008070646185051045,C
TCGA_DU_A5TW_19980228_23,586,218,497,20,1,0.9937064508878399,0.9937064508878399,0.003973831714415188,0.9411097242709634,0.9502749770852429,0.932119577433131,0.8170878138591671,0.6419079708854183,2.23606797749979,0.9523368810735771,0.9811680572109654,0.9251517194875253,0.8628664817749604,0.527703221171929,2.1770509831248424,0.06713408184630287,0.04785691424074216,0.09018987341772151,0.06037288676244493,0.9762658227848101,0.5402486723433616,0.5670390569929641,0.011227156802613658,C
TCGA_DU_A5TY_19970709_25,521,194,510,20,1,0.9856244384546271,0.9856244384546271,0.09251348059082891,0.34737009375496586,0.211003861003861,0.9820305480682839,0.2434973879571075,24.8861569062198,83.12423771872831,0.8958147818343722,0.8879082082965578,0.903863432165319,0.8961961822488506,0.46102832629783586,2.23606797749979,0.0334086937628206,0.019707251867273484,0.22650602409638554,0.02733153032402585,0.946987951807229,0.6306513825047947,0.33608156703619757,0.5484446880794064,S
TCGA_EZ_7264_20010816_19,514,55,55,20,1,0.984548825710754,0.984548825710754,0.031923197962361434,0.9511084117825691,0.9349253731343283,0.9678615574783683,0.9252910940941992,0.4028281658209772,2.0,0.9511084117825691,0.9349253731343283,0.9678615574783683,0.9252910940941992,0.4028281658209772,2.0,0.06706824224185098,0.04992477500529457,0.07987220447284345,0.06280479364416959,0.987220447284345,1.1521039661531312,0.8248767760974032,0.0,C
TCGA_FG_5962_20000626_28,396,160,97,20,1,0.993900481540931,0.993900481540931,0.014340852405211333,0.9584522676815731,0.947038545910373,0.9701444622792937,0.9044584812577803,0.4943462837619433,2.23606797749979,0.9598335733717395,0.9569240587109126,0.9627608346709471,0.8984348984348984,0.4876100064189895,2.23606797749979,0.041537039859744385,0.02571268111403381,0.12447257383966245,0.037808614496243884,0.959915611814346,0.9909164342607143,0.7088138427111224,0.0013813056901663678,C
TCGA_FG_5964_20010511_14,481,118,118,20,1,0.9963976945244957,0.9963976945244957,0.0042919033362909705,0.9596832253419726,0.9589928057553957,0.9603746397694525,0.9466778003101516,0.42104631892651556,2.0,0.9596832253419726,0.9589928057553957,0.9603746397694525,0.9466778003101516,0.42104631892651556,2.0,0.047026610735133104,0.0331227244095445,0.0648854961832061,0.044182984466118805,0.9427480916030534,1.3437695014619047,1.0481414826464786,0.0,C
TCGA_FG_6688_20020215_27,591,105,232,20,1,0.9650993698497334,0.9650993698497334,0.09823924956561964,0.9141685882654369,0.9695652173913043,0.864760058167717,0.7782073813708261,0.7548582964160614,3.0,0.9147524247064829,0.9660377358490566,0.868637905962191,0.7815501032535705,0.7526106688095056,3.0,0.04939305453317597,0.032532616343774426,0.13636363636363635,0.04446901957897717,0.9568181818181818,0.8575603450469872,0.5455016955100059,0.0005838364410459818,C
TCGA_FG_6689_20020326_30,472,69,69,20,1,0.9896551724137931,0.9896551724137931,0.021286870568612854,0.9591674925668979,0.9377906976744186,0.9815415821501015,0.7998384164815189,0.9793135203744862,5.561762944667118,0.9591674925668979,0.9377906976744186,0.9815415821501015,0.7998384164815189,0.9793135203744862,5.561762944667118,0.05886527875494347,0.037577382481020674,0.04208416833667335,0.053512019962588954,0.9438877755511023,0.9778178112878323,1.0154601309442963,0.0,C
TCGA_FG_6690_20020226_32,417,137,169,20,1,0.9972677595628415,0.9972677595628415,0.022403887783753063,0.9536363636363636,0.9519056261343013,0.9553734061930783,0.9859883277106062,0.2838166830427114,1.0,0.9547511312217195,0.9487410071942446,0.9608378870673953,0.9896897305871327,0.2806923032655842,1.0,0.053309145328924064,0.03766955614650662,0.05536332179930796,0.04636989436196399,0.9930795847750865,1.1496783808974946,0.674745705636443,0.0011147675853558914,C
TCGA_FG_6691_20020405_26,517,24,72,20,1,1.0,1.0,0.004758472518241928,0.9126416739319965,0.8414790996784566,0.9969523809523809,0.6681614349775784,1.4059619735511288,7.0,0.968609865470852,0.9504950495049505,0.9874285714285714,0.9155095674668087,0.36650016303777044,2.23606797749979,0.05671830687104899,0.03010587107138068,0.12990196078431374,0.04879068177270426,0.9044117647058824,1.162672054686848,0.8084188526292703,0.05596819153885557,C
TCGA_FG_6692_20020606_19,445,47,49,20,1,0.9916452442159382,0.9916452442159382,0.0789016964515052,0.9085853319429962,0.9894019682059046,0.839974293059126,0.6990014265335236,0.7802562072065095,3.605551275463989,0.9176005273566249,0.9418132611637348,0.8946015424164524,0.7401977587343441,0.8586450358348294,4.0,0.028225588601050504,0.02220434865351595,0.153125,0.025866810717260876,0.98125,0.9541924544832222,0.7734374698759993,0.009015195413628718,C
TCGA_FG_7634_20000128_23,567,41,86,20,1,0.9705236751332706,0.9705236751332706,0.008756970940011405,0.9518404410572402,0.9855607790463399,0.9203512072750079,0.9123595505617977,0.5612383857025123,2.0,0.9518872509314757,0.9845844504021448,0.9212919410473502,0.9080348499515972,0.5601797499270966,2.165247584249837,0.04360553495535377,0.034577228097838,0.11691022964509394,0.0396497495652543,0.9686847599164927,0.9539618814878282,0.6957318730761188,4.680987423555383e-05,C
TCGA_FG_7637_20000922_21,505,210,122,20,1,0.978939450921399,0.978939450921399,0.042434076662854786,0.8788826349801959,0.9859681945743686,0.7927792403159082,0.7220099251292516,1.7436176100405167,13.980073525436746,0.955824790307549,0.9475240206947524,0.9642722828130876,0.8846692081262365,0.5069316565011415,2.8884776310850278,0.05068194658835576,0.01958513842747052,0.26732673267326734,0.047349873983208696,0.9851485148514851,0.8772591662893252,0.7505217641915846,0.07694215532735305,C
TCGA_FG_7643_20021104_26,451,44,348,20,1,1.0,1.0,0.025870046724143166,0.9360902255639098,0.9034833091436865,0.9711388455538221,0.8661518993879607,0.46042483104882803,2.23606797749979,0.9516380655226209,0.9516380655226209,0.9516380655226209,0.9695599971749417,0.33347400069680805,1.4142135623730951,0.04800400827767902,0.0395456656482363,0.020134228187919462,0.04490564609920888,0.9966442953020134,0.8753125301636813,0.7455267308806981,0.015547839958711118,C
TCGA_FG_8189_20030516_25,526,97,133,20,1,0.978604177279674,0.978604177279674,0.0165364738860849,0.9315135866224026,0.9004040884240552,0.9648497198166073,0.7373182328239418,0.564125615162646,2.9227922061357776,0.9395161290322581,0.9296758104738154,0.9495669893020886,0.8408500843125183,0.5279342457713982,2.8284271247461903,0.03173402740443679,0.02065391399833047,0.1168091168091168,0.02672731428650109,0.9843304843304843,0.7900967346459535,0.4004478131830919,0.00800254240985554,C
TCGA_FG_A4MT_20020212_16,543,87,157,20,1,0.9907359752959342,0.9907359752959342,0.027011050854416813,0.9563486798460926,0.9871268145713503,0.9274318064848173,0.8455596852224829,0.5774887717812466,2.23606797749979,0.9582893347412883,0.983739837398374,0.9341224909933094,0.8652777638731767,0.5670002000231007,2.23606797749979,0.05368425468595241,0.035876268146142816,0.1141732283464567,0.047847427295262576,0.9783464566929134,0.7776878966848153,0.768973863180147,0.0019406548951956815,C
TCGA_FG_A4MU_20030903_16,493,36,264,20,1,0.9833522512296633,0.9833522512296633,0.029919169914501442,0.9535806512565346,0.9524408656265727,0.9547231681170387,0.8018570422885376,0.6052497584548783,2.8284271247461903,0.9547758034511514,0.9715404699738903,0.9385798965821668,0.7942826863765438,0.6220697849371959,2.8284271247461903,0.03832463006295044,0.026496372959177047,0.0498046875,0.03365189649387934,0.93359375,0.9313643102253639,0.38158077137131846,0.0011951521946168553,C
TCGA_FG_A60K_20040224_47,409,202,204,20,1,0.9157392686804452,0.9157392686804452,0.022846492236822554,0.7868852459016393,1.0,0.6486486486486487,0.6271653543307086,0.9684314891696401,3.6314289929716637,0.8160291438979964,0.9552238805970149,0.712241653418124,0.7255180244110133,0.8061667157982024,3.0,0.08800052564179782,0.05951715296044204,0.010638297872340425,0.08357292813329414,0.9893617021276596,1.4939486642567814,0.9338666252862217,0.029143897996357082,C
TCGA_HT_7473_19970826_16,528,205,78,20,1,0.9533506108848575,0.9533506108848575,0.12516217033387225,0.8708150152181264,0.8014316837846249,0.9533506108848575,0.42922940778884144,2.067079046457051,10.0,0.8711261642675698,0.8027465667915106,0.9522399111440207,0.42970197002862437,2.0093102235563354,9.848857801796104,0.04244653782308265,0.027593115158275842,0.11911357340720222,0.038812057723818905,0.9445983379501385,0.8523038241058051,0.5151707462207582,0.0003111490494434044,C
TCGA_HT_7475_19970918_24,528,183,180,20,1,0.9996637525218561,0.9996637525218561,0.025182217385874638,0.9224515322076298,0.8620689655172413,0.991930060524546,0.6518385013449118,0.7710248885523702,3.605551275463989,0.9504916920990166,0.9586183310533516,0.9425016812373908,0.8430034129692833,0.4735037974027236,2.23606797749979,0.04087589590271912,0.031242691089458503,0.12244897959183673,0.03834382827199386,1.0,0.6837072542661451,0.6329046420277711,0.028040159891386862,C
TCGA_HT_7602_19951103_9,392,271,231,20,1,0.9953632148377125,0.9953632148377125,0.06432623633482569,0.8907249466950959,0.9226946438431806,0.8608964451313755,0.8068476071736836,1.074514189724935,5.830951894845301,0.8908523908523909,0.8987939171473519,0.8830499742400825,0.7939610289495843,1.0837956675290805,6.0,0.05081701768883295,0.03699453037819458,0.03382663847780127,0.04754547010510407,0.9915433403805497,1.4508587537397164,0.43793675241429864,0.00012744415729493141,C
TCGA_HT_7605_19950916_27,552,105,49,20,1,0.9838978345363687,0.9838978345363687,0.006225878131101967,0.9431113507684011,0.9166666666666666,0.9711271515824542,0.8641557814154852,0.50148423471202,2.23606797749979,0.9509911894273128,0.943200436919716,0.9589117157134925,0.8995317234413736,0.4109977989815717,2.0,0.054102513181045295,0.03657624708308645,0.22404371584699453,0.049451248404663584,0.994535519125683,0.9817302348264828,0.6908224253366492,0.00787983865891162,C
TCGA_HT_7608_19940304_19,526,138,134,20,1,0.9683083511777302,0.9683083511777302,0.056189551886168754,0.8702629543696829,0.7932675361297145,0.9638115631691648,0.7206329254904457,1.6241607466551644,10.63014581273465,0.9112570983186727,0.9491997216423104,0.8762312633832976,0.7408100999473962,0.8019650220793182,4.288539740695354,0.027900109245378245,0.018400528090495524,0.21188630490956073,0.024770096532660595,0.975452196382429,0.7418374607236284,0.3878176245798895,0.040994143948989814,C
TCGA_HT_7616_19940813_19,510,20,20,20,1,0.7982479426599416,0.619591186620653,0.12219707953466949,0.7448831587429492,0.9479081214109926,0.6134855322537829,0.40707407640506005,3.37125403317513,14.78960650512914,0.7448831587429492,0.9479081214109926,0.6134855322537829,0.40707407640506005,3.37125403317513,14.78960650512914,0.04741234488107031,0.03162966227699586,0.136,0.04289894096816857,0.9,1.0779194790075022,0.7634960420684082,0.0,C
TCGA_HT_7680_19970202_6,592,92,76,20,1,1.0,1.0,0.14993175117575525,0.2770425269101818,0.16079475624743958,1.0,0.08017817371937638,18.23121497732561,36.6742416417845,0.8092566619915849,0.9001560062402496,0.7350318471337579,0.6815080374696426,1.0937966170051125,6.367768224739609,0.044019079752962535,0.028453692211114823,0.330188679245283,0.0374045663672552,0.7028301886792453,0.30703319201015955,0.9120378080864303,0.5322141350814031,S
TCGA_HT_7684_19950816_17,509,20,138,20,1,0.9887096774193549,0.9887096774193549,0.03133316553909014,0.9501471351912757,0.918814864412454,0.9836917562724015,0.7246298328369271,1.370540941512884,6.332412212046361,0.9704407022572554,0.9700931232091691,0.9707885304659498,0.8717686972708439,0.4813963576329544,2.0,0.0598952931376713,0.0321269249722438,0.05789473684210526,0.05702939857855087,0.9368421052631579,1.069102398521236,0.8693754714852644,0.020293567065979734,C
TCGA_HT_7686_19950629_13,429,168,197,20,1,0.9991638795986622,0.9991638795986622,0.013406505069647134,0.9320158102766798,0.883808095952024,0.9857859531772575,0.7598806740304764,0.6708602538910511,3.2066050216979254,0.9560092612081666,0.9626960576515473,0.9494147157190636,0.9176408543552781,0.3832984142405539,2.0,0.06279379028149523,0.04614957745418889,0.012195121951219513,0.060625188179119174,0.9902439024390244,2.0306455301959208,0.7294221774258014,0.02399345093148686,C
TCGA_HT_7690_19960312_16,500,98,77,20,1,0.9982098903557843,0.9982098903557843,0.0030313956437566865,0.9709397960302665,0.9520430107526882,0.9906019243678675,0.8950923740538781,0.36596820378259626,1.4142135623730951,0.9798702751062403,0.9794321484462329,0.9803087939136272,0.9848103488644346,0.2567254148249348,1.0,0.05994924393023355,0.04765269619148209,0.005504587155963303,0.05712581365249127,0.9853211009174312,1.3792434401285305,0.770358165645589,0.008930479075973774,C
TCGA_HT_7692_19960724_18,486,259,288,20,1,0.8515901060070671,0.8138987043580683,0.07539425977031354,0.8306010928961749,0.9886178861788618,0.7161366313309776,0.7347976039208567,0.8227801355272439,3.137936011143117,0.8788075178224238,0.9769452449567724,0.7985865724381626,0.845778087927425,0.567726974190179,2.23606797749979,0.08307401408427126,0.062446764272422045,0.015625,0.07596959452694607,1.0,1.149721340729095,0.6720111269579375,0.048206424926248936,C
TCGA_HT_7693_19950520_14,510,135,80,20,1,0.9938650306748467,0.9938650306748467,0.010522355251475669,0.9718032786885246,0.987012987012987,0.9570552147239264,0.9751319756190677,0.3926117234131981,2.0,0.9723177723177723,0.9867021276595744,0.9583467872134324,0.972602016576044,0.39755932925112375,2.0,0.11265640942186375,0.05706301856999096,0.03926701570680628,0.10479266033188116,0.9581151832460733,1.5597784560873462,1.0895005680876644,0.0005144936292477142,C
TCGA_HT_7694_19950404_14,603,296,183,20,1,0.9798783341132429,0.9798783341132429,0.006047591332242338,0.974502487562189,0.971331163799783,0.9776945874278584,0.9094716857010812,0.37253147712236195,2.0,0.9752529182879377,0.9731324739866439,0.9773826236156605,0.9128613099973482,0.3714988781131836,2.0,0.05769690689141929,0.036144935942771544,0.08530183727034121,0.05281355088548544,0.984251968503937,0.560185432004424,0.5668301473214543,0.000750430725748652,C
TCGA_HT_7855_19951020_11,480,203,203,20,1,0.9687610933617323,0.9687610933617323,0.03734091710412069,0.9477512640823206,0.947331087072176,0.9481718139865105,0.7089630062751291,0.6882290142163424,3.1622776601683795,0.9477512640823206,0.947331087072176,0.9481718139865105,0.7089630062751291,0.6882290142163424,3.1622776601683795,0.04964683226634854,0.03247627583402825,0.0578125,0.045292722436694674,0.9859375,0.9792583025526708,0.6957373850619847,0.0,C
TCGA_HT_7856_19950831_20,516,220,61,20,1,0.9972885032537961,0.9972885032537961,0.012040163002412957,0.9592321915998944,0.935107296137339,0.9846348517715112,0.8452336919631426,0.48325767801155367,2.8284271247461903,0.9651517873181247,0.9591217422349161,0.9712581344902386,0.8891957197100449,0.4397604768025305,2.23606797749979,0.06541028081623629,0.04484385987754314,0.031209362808842653,0.0619467258210237,0.9752925877763329,1.2431349029113212,0.48652866828077374,0.005919595718230308,C
TCGA_HT_7860_19960513_15,425,325,324,20,1,0.998262380538662,0.998262380538662,0.09567862058408183,0.9250985545335085,0.9328621908127208,0.9174630755864466,0.8430194161933694,0.6690686379047003,3.1622776601683795,0.928157072735386,0.9541284403669725,0.9035621198957429,0.8750406556950497,0.658400492478072,4.0,0.02598052586005423,0.016328682151278605,0.11070110701107011,0.023401441962811655,0.996309963099631,1.12522233039874,0.8055186331654797,0.0030585182018774137,C
TCGA_HT_7874_19950902_10,520,44,477,20,1,0.9872944693572496,0.9872944693572496,0.07004264809212793,0.929159802306425,0.9106566200215285,0.9484304932735426,0.8388983961475702,0.6579022676436763,3.605551275463989,0.9295302013422819,0.9274553571428571,0.9316143497757847,0.8102463974193002,0.6444869275652866,3.0,0.04703702657990194,0.028683381368653463,0.04046242774566474,0.043072877609262664,0.9460500963391136,1.4598643887143992,0.5131165735476687,0.00037039903585689427,C
TCGA_HT_7877_19980917_23,485,42,42,20,1,0.9718875502008032,0.9718875502008032,0.12135315098695779,0.8997744118594908,0.867619639527657,0.9344042838018741,0.6854899243605289,0.7436191213712857,4.0,0.8997744118594908,0.867619639527657,0.9344042838018741,0.6854899243605289,0.7436191213712857,4.0,0.03425696622920174,0.024987262633897184,0.03353658536585366,0.030365226562357447,0.9908536585365854,0.9523929258821126,0.7066189054102727,0.0,C
TCGA_HT_7879_19981009_13,474,212,211,20,1,0.995417048579285,0.995417048579285,0.011242549496450841,0.8764422068386826,0.8081237911025145,0.9573785517873511,0.7126924834054447,1.7918292086793575,10.168406345972626,0.9001965494649486,0.8598247809762203,0.9445462878093492,0.7999033484196537,1.0850619089966085,7.0710678118654755,0.02867974390768293,0.020044141616053737,0.24017467248908297,0.026137324612192585,0.9497816593886463,0.5555115972131287,0.5321240598600088,0.02375434262626608,C
TCGA_HT_7881_19981015_31,453,166,60,20,1,0.9857015192135835,0.9857015192135835,0.10344889471854263,0.5279041916167665,0.3606020942408377,0.9848078641644326,0.3446021099464087,9.37110871760999,31.058814224493805,0.9221772379667117,0.9284420289855072,0.9159964253798034,0.834501347708895,0.7367055568015298,4.123105625617661,0.04660158650141407,0.03196940399269095,0.13257575757575757,0.04320813706920648,0.9886363636363636,0.7228971814318338,0.7949442431714605,0.3942730463499452,S
TCGA_HT_7882_19970125_19,531,126,81,20,1,0.8366523493427047,0.7555642327215931,0.2845249440678036,0.8078103207810321,0.8700615893044915,0.7538721853442666,0.4882130928120968,6.607621373549663,36.127236172382446,0.8237770358542604,0.9310910582444627,0.7386437589483275,0.5788493250094761,6.40641724840957,37.66691883345253,0.04260351557565073,0.026700645076608836,0.1702493551160791,0.03708749528073525,0.8770421324161651,0.4722308636746666,0.2899940390597353,0.015966715073228332,C
TCGA_HT_7884_19980913_9,385,107,213,20,1,1.0,1.0,0.046069510678653,0.9474041398031897,0.9184210526315789,0.9782761037140855,0.9443677414115162,0.3938369894808135,2.0,0.9572829131652661,0.9566130160951715,0.9579537491240364,0.984441470770337,0.2951184586794146,1.1863961030678882,0.05355021272275662,0.0371851480026123,0.02531645569620253,0.05001317625205104,0.9810126582278481,1.5821096332091575,0.7368594208860606,0.009878773362076432,C
TCGA_HT_8018_19970411_9,499,135,449,20,1,0.9943330427201394,0.9943330427201394,0.04105122811608639,0.9196316450397656,0.8844605475040258,0.9577157802964255,0.718063969773956,0.7567502454326057,4.0,0.9299363057324841,0.9371403275785746,0.9228421970357454,0.8282224995542877,0.6039955758881972,2.153444185374858,0.043346078752526884,0.02865252778383472,0.11685393258426967,0.04004753957993995,0.9797752808988764,0.9162601104321415,0.5849211547223053,0.010304660692718515,C
TCGA_HT_8105_19980826_21,512,230,23,20,1,0.9862204724409449,0.9862204724409449,0.03329532649779803,0.9619500594530321,0.9445417396380619,0.9800121138703816,0.7611788316477346,1.037636385451273,5.1991703663323605,0.969413186315233,0.9670031640801567,0.9718352513628105,0.8427641107183731,0.5483393803881829,3.0,0.058997457694991234,0.03715516631703841,0.05222734254992319,0.05156167026553761,0.9539170506912442,0.6967050550710872,0.780875376728708,0.007463126862200853,C
TCGA_HT_8106_19970727_15,494,78,354,20,1,0.9911764705882353,0.9911764705882353,0.09318655062781087,0.8191674733785091,0.7159052453468697,0.9572398190045249,0.5604114621601763,3.742747324675767,25.028974066629896,0.858236631175978,0.9106372175679106,0.8115384615384615,0.496845694799659,2.724410257115087,12.165525060596439,0.02566297681554817,0.017981421870284477,0.18541409147095178,0.02218756255442203,0.969097651421508,0.6221574522497846,0.3437003917939166,0.03906915779746889,C
TCGA_HT_8107_19980708_11,382,178,65,20,1,0.9968193384223919,0.9968193384223919,0.06918693204799974,0.898533724340176,0.8335146898803046,0.9745547073791349,0.717948717948718,0.8636247577163354,4.47213595499958,0.9379001280409731,0.9439432989690721,0.9319338422391857,0.8914276832206419,0.5539196040183552,3.0,0.02974810908150627,0.02273204448289811,0.04748603351955307,0.02752389095417266,0.9860335195530726,1.0165631258203536,0.6377303268906974,0.03936640370079714,C
TCGA_HT_8111_19980330_16,455,305,327,20,1,0.9723320158102767,0.9723320158102767,0.020064172575828064,0.8994565217391305,0.9993961352657005,0.8176877470355731,0.5809301550258377,1.0907494337820232,4.123105625617661,0.9227178423236515,0.9710698689956332,0.8789525691699605,0.7066550159258111,0.8205180561332314,3.0,0.07161717931446665,0.05605015413061097,0.0,0.06368255772700131,0.9903846153846154,1.7518933499459857,1.0724546349912396,0.023261320584521017,C
TCGA_HT_8113_19930809_17,601,170,341,20,1,1.0,1.0,0.04447771381196895,0.7268947873361049,0.5715363339200402,0.9982433025911287,0.2191780821917808,2.066668331375586,9.219544457292887,0.8900499772830531,0.9218823529411765,0.8603425559947299,0.7387783697476253,0.9593440126115926,5.0,0.06701347203141568,0.05042082712129786,0.06422018348623854,0.06081379794659764,0.9831804281345565,0.9894866612286642,0.27089823326762724,0.16315518994694822,S
TCGA_HT_8114_19981030_14,426,9,246,20,1,0.9955534753100866,0.9955534753100866,0.0015363032591532608,0.9723414401525989,0.9910085054678007,0.9543646150245729,0.9610608920234429,0.37755272067770773,1.4142135623730951,0.9733474228014559,0.9766729500471254,0.9700444652468991,0.9468469674655241,0.37490394221540113,1.4142135623730951,0.08226296882440089,0.056576016855131986,0.00631578947368421,0.07761906624749829,0.9957894736842106,1.5387215914180374,0.947957447128509,0.0010059826488569845,C
TCGA_HT_8563_19981209_11,407,123,20,19,1,0.991166077738516,0.991166077738516,0.032490978538769456,0.9533876719307183,0.9622107969151671,0.9447248864209995,0.8756380946415709,0.6765898590661668,3.605551275463989,0.9548153885876581,0.9772727272727273,0.93336698637052,0.8628628301979148,0.6911232344776588,4.0,0.07116857066928133,0.0510499076114561,0.013084112149532711,0.0673103211009923,0.994392523364486,1.4359500474836266,0.6931939236757088,0.0014277166569398592,C
TCGA_HT_A5RC_19990831_20,444,183,181,20,1,0.9969604863221885,0.9969604863221885,0.2623490341433655,0.7561450044208665,0.6378281622911695,0.9283543204515848,0.4178043230944255,6.444054578282876,28.979260906898546,0.7992270531400966,0.7200557103064067,0.8979591836734694,0.5005188792208829,4.457144400201598,22.360679774997898,0.036935725588459214,0.022396634737299637,0.08207343412526998,0.03173439945442551,0.9157667386609071,1.0745601085910303,0.5567165190224609,0.04308204871923005,C
TCGA_HT_A616_19991226_17,313,9,22,20,1,0.7392241379310345,0.7392241379310345,0.13787798615826027,0.7785402370555209,0.9244444444444444,0.6724137931034483,0.6978349038519744,0.7936876632546778,4.230687180969119,0.7889908256880734,0.8752462245567958,0.7182112068965517,0.6485022910591888,0.6711409363237306,3.0,0.025651818908628707,0.01946971833175911,0.04310344827586207,0.02432238241046125,0.9741379310344828,1.294976685184205,0.7883715474662906,0.010450588632552549,C
TCGA_HT_A61A_20000127_35,378,133,0,20,0,0.0,0.0,0.8615018796431271,0.0,0.0,0.0,0.0,85.29204660942872,117.16632752700164,0.0,0.0,0.0,0.0,82.98863780954919,114.73543156764369,0.03148912167821649,0.022426475294062873,0.10909090909090909,0.029188958328437292,0.95,0.7281391934168225,0.6738955655662946,0.0,L
TCGA_HT_A61B_19991127_42,320,31,18,20,1,0.9777640518838789,0.9777640518838789,0.03021287771107566,0.9595738013162018,0.9739185750636132,0.9456454601605929,0.9310060353436672,0.35244361933726165,2.0,0.9595738013162018,0.9739185750636132,0.9456454601605929,0.9310060353436672,0.35244361933726165,2.0,0.04031619176104029,0.030723645609280203,0.04895104895104895,0.03839148818590561,1.0,1.0586046253375312,0.9288236862964852,0.0,C
