case_id,gate_opened,dice,jaccard,sensitivity,precision,specificity,boundary_f1_at_2_px,assd_px,hd95_px,lesion_recall_at_iou_0_10,lesion_precision_at_iou_0_10,lesion_f1_at_iou_0_10,true_positive_pixels,false_positive_pixels,false_negative_pixels
TCGA_CS_4941_19960909_14,0,0.86960933536276,0.7692998204667864,0.8936392075078207,0.8468379446640316,0.992578879330982,0.695247873703833,2.6602048631382407,13.518192319053918,1.0,1.0,1.0,2571,465,306
TCGA_CS_4942_19970222_11,0,0.9567514031033344,0.9170886075949367,0.9415204678362573,0.9724832214765101,0.9993593449692955,0.9769534650150653,0.6930057090308545,2.0,1.0,1.0,1.0,1449,41,90
TCGA_CS_4943_20000902_17,0,0.9506578947368421,0.9059561128526645,0.9364873622812703,0.9652638610554443,0.9983346677341873,0.8887356666416848,1.1960704859339362,3.1622776601683795,1.0,1.0,1.0,2890,104,196
TCGA_CS_4944_20010208_10,0,0.9516636318490316,0.9077846202431707,0.9289061237679754,0.9755642287459698,0.9975735925994574,0.7208764445316204,1.5746611603663625,4.123105625617661,1.0,1.0,1.0,5749,144,440
TCGA_CS_5393_19990606_9,0,0.9648292188028407,0.9320483502123489,0.9745516652433818,0.9552988448016072,0.9955262143730835,0.8779942831837031,1.0477339960245342,5.004950975679635,1.0,1.0,1.0,5706,267,149
TCGA_CS_5395_19981004_13,0,0.9074837949322333,0.8306364617044228,0.9166666666666666,0.8984830805134189,0.9986552491653271,0.8679625629949603,1.0584462344455892,2.837005768508878,1.0,1.0,1.0,770,87,70
TCGA_CS_5396_20010302_15,0,0.9345556866660616,0.8771511330720736,0.9163403346386615,0.9535099092424523,0.9958109416202143,0.7605096819504366,2.246313460336303,13.879350611916808,1.0,1.0,1.0,5148,251,470
TCGA_CS_5397_20010315_10,0,0.38123935543036813,0.23551311103917125,0.9945317840054683,0.23581847649918963,0.9264120612426451,0.22489685310417223,18.688454711091122,60.0,1.0,1.0,1.0,1455,4715,8
TCGA_CS_6186_20000601_16,0,0.9355728252694911,0.8789448893075836,0.8975468975468975,0.9769633507853404,0.999306617079282,0.8796946188892993,1.366886255985366,11.302117787419789,1.0,1.0,1.0,1866,44,213
TCGA_CS_6188_20010812_15,0,0.9244712990936556,0.8595505617977528,0.9031877213695395,0.9467821782178217,0.9993352811142544,0.9763341464458425,0.6594983971218983,2.0,0.5,1.0,0.6666666666666666,765,43,82
TCGA_CS_6290_20000917_8,0,0.9634691195795007,0.9295131845841785,0.9443585780525502,0.9833690987124464,0.9995125402940482,0.9485306089221752,0.6485585433616672,2.8284271247461903,1.0,1.0,1.0,1833,31,108
TCGA_CS_6665_20010817_18,0,0.4630859375,0.30130893379082474,0.959919028340081,0.30514800514800516,0.9143912726350173,0.3054116806572602,28.724116469128614,97.23988700799153,1.0,1.0,1.0,2371,5399,99
TCGA_CS_6666_20011109_17,0,0.9276211950394588,0.8650126156433978,0.9765013054830287,0.8834013313291819,0.991145247297099,0.6482257613858621,3.483369640984003,15.952847075210475,1.0,1.0,1.0,4114,543,99
TCGA_CS_6667_20011105_13,0,0.9387875220718069,0.884636716583472,0.9036827195467422,0.9767299448867116,0.999404117859215,0.8885550561525508,1.0929399785685565,6.664341330616656,1.0,1.0,1.0,1595,38,170
TCGA_CS_6668_20011025_17,0,0.9411035337879727,0.8887587822014051,0.9411035337879727,0.9411035337879727,0.9985138369600927,0.9055790290592395,1.0159004123357114,4.070820393249926,1.0,1.0,1.0,1518,95,95
TCGA_CS_6669_20020102_16,0,0.8974218321448162,0.8139303482587065,0.9547709366793113,0.8465717981888745,0.9904522693973499,0.6897934664701739,2.348326765505018,10.0,1.0,1.0,1.0,3272,593,155
TCGA_DU_5849_19950405_24,0,0.9507227332457293,0.9060738885410144,0.9803523035230353,0.9228316326530612,0.9981111458008117,0.872692413037524,0.9377028515588722,5.452032870291113,1.0,1.0,1.0,1447,121,29
TCGA_DU_5851_19950428_19,0,0.8695838695838696,0.7692599620493359,0.9975393700787402,0.7707224334600761,0.9905045351473923,0.524264705882353,3.3338681854486576,14.595543571299176,1.0,1.0,1.0,2027,603,5
TCGA_DU_5852_19950709_13,0,0.27094002973732034,0.15669787884578634,0.9939393939393939,0.1568477429227238,0.9318817511705892,0.19171430808990525,17.044497406176113,47.573054190316334,0.5,1.0,0.6666666666666666,820,4408,5
TCGA_DU_5853_19950823_29,0,0.34466588511137164,0.20821529745042494,0.9949238578680203,0.20843672456575682,0.9306026043447183,0.06246362754607178,22.830591503853714,62.589934146688336,1.0,1.0,1.0,1176,4466,6
TCGA_DU_5854_19951104_27,0,0.8921815889029003,0.8053500284575982,0.933377308707124,0.8544685990338164,0.9962355513901906,0.7221006564551422,1.8263885549932823,6.6929499477460395,1.0,1.0,1.0,1415,241,101
TCGA_DU_5855_19951217_17,0,0.956397426733381,0.9164383561643835,0.9516358463726885,0.9612068965517241,0.9968819599109131,0.8820785081920689,1.1675478516411777,4.123105625617661,0.5,1.0,0.6666666666666666,4683,189,238
TCGA_DU_5871_19941206_23,0,0.9611564775987641,0.9252177607818143,0.9637087851294535,0.9586176535329077,0.9969188914564794,0.85908415552328,1.4030465960898058,7.788675208225145,1.0,1.0,1.0,4355,188,164
TCGA_DU_5872_19950223_39,0,0.8199620972836387,0.6948608137044968,0.9981544140264534,0.6957547169811321,0.9772176286425303,0.45224078936387396,6.983668713309721,22.02271554554524,1.0,1.0,1.0,3245,1419,6
TCGA_DU_5874_19950510_24,0,0.8932617769827073,0.8071120689655172,0.8378076062639821,0.9565772669220945,0.9994740261749328,0.856650387819592,1.4398149919718608,9.537700299491478,1.0,1.0,1.0,749,34,145
TCGA_DU_6399_19830416_23,0,0.9605295415543025,0.9240566037735849,0.9717261904761905,0.9495879786718371,0.9983627204030227,0.9346631231008107,0.7227151684372412,3.605551275463989,1.0,1.0,1.0,1959,104,57
TCGA_DU_6400_19830518_22,0,0.9540050062578223,0.9120550403828896,0.9763048350944604,0.9327011318446008,0.9964750933299152,0.9000155358767783,1.0195525452397252,3.605551275463989,1.0,1.0,1.0,3049,220,74
TCGA_DU_6401_19831001_30,0,0.9534623655913979,0.9110636199243795,0.9926562779867455,0.9172459450513075,0.9916601337714543,0.8067454641270797,1.7474825503230391,12.481452815580461,1.0,1.0,1.0,5542,500,41
TCGA_DU_6404_19850629_35,1,0.635719347980156,0.465974025974026,0.4667013527575442,0.9966666666666667,0.9999528405696859,0.4331906920213709,6.186346406310174,16.76305461424021,1.0,1.0,1.0,897,3,1025
TCGA_DU_6405_19851005_46,1,0.7663190421011974,0.6211646837820914,0.96875,0.6338658146964856,0.9911179315476191,0.47152585119798235,4.094298762493352,15.207940978544846,1.0,1.0,1.0,992,573,32
TCGA_DU_6407_19860514_27,0,0.9678225554514215,0.9376513317191283,0.9939043952518447,0.9430745814307459,0.9970041173360675,0.9565561073252205,0.7477703770275511,2.0590169943749475,1.0,1.0,1.0,3098,187,19
TCGA_DU_6408_19860521_31,0,0.9440883190883191,0.894097807757167,0.9814883376527213,0.909433962264151,0.9912196095386969,0.7939737388894055,1.8978562325738744,11.240355762667555,0.5,1.0,0.6666666666666666,5302,528,100
TCGA_DU_7008_19830723_26,0,0.8900138971610085,0.8018243605795028,0.8679574056147145,0.9132206151965777,0.9929436318762319,0.5999337146159271,3.1087912679636847,14.181519588144063,1.0,1.0,1.0,4483,426,682
TCGA_DU_7010_19860307_38,0,0.8502293577981651,0.739477358866946,0.8982311606493821,0.8070977574569997,0.9855721474051035,0.6232352210350358,3.0697512891479284,17.18268794847745,1.0,1.0,1.0,3707,886,420
TCGA_DU_7013_19860523_17,0,0.3934816224574759,0.24492818006811787,0.9856972586412396,0.24580175360380443,0.9205267938237965,0.36598884157979744,28.651262213917512,90.04691690952652,1.0,1.0,1.0,1654,5075,24
TCGA_DU_7014_19860618_36,0,0.9252700746185544,0.8609326424870466,0.9876367094626723,0.8703121726377541,0.9899070601663134,0.6820548589595938,2.7391917472955707,13.013441683641853,1.0,1.0,1.0,4154,619,52
TCGA_DU_7018_19911220_22,0,0.8499581889857842,0.7390672068141685,0.9456406166932483,0.7718594055109568,0.9637488795421637,0.5631448741929644,9.383742076886907,45.89716025528377,0.5,1.0,0.6666666666666666,7115,2103,409
TCGA_DU_7019_19940908_15,0,0.6632298554297882,0.49614352783366866,0.9886401603742064,0.49898819561551433,0.9524966822825895,0.4357954997217143,13.780578942958403,54.078630427682214,1.0,1.0,1.0,2959,2971,34
TCGA_DU_7294_19890104_25,0,0.5155688622754491,0.3473174667204518,0.9674157303370786,0.3514285714285714,0.9754199795811033,0.30720468121419,12.858883628849352,43.27931405578189,1.0,1.0,1.0,861,1589,29
TCGA_DU_7298_19910324_14,0,0.9521404521404522,0.9086527427128759,0.9677340503544366,0.9370414201183432,0.9956709252176743,0.8730772337552938,1.0097266108938638,4.47213595499958,1.0,1.0,1.0,3959,266,132
TCGA_DU_7299_19910417_25,0,0.2950688226647067,0.17306787897789622,0.9990950226244344,0.17309501411100658,0.9181449923173628,0.12506197684253506,30.840589018337,92.9505136801483,1.0,1.0,1.0,1104,5274,1
TCGA_DU_7300_19910814_16,0,0.899537825346631,0.8174182139699381,0.8419854280510018,0.9655352480417755,0.9989580044205874,0.7788727524204704,1.4104096613563628,5.256399425040733,1.0,1.0,1.0,1849,66,347
TCGA_DU_7301_19911112_22,0,0.3366235098064351,0.20237361282367447,0.4110832811521603,0.2850010853049707,0.9471624266144814,0.23064885797834506,14.04911342685435,53.071561110001895,1.0,1.0,1.0,1313,3294,1881
TCGA_DU_7302_19911203_24,0,0.9063573883161512,0.828750981932443,0.985520784680056,0.8389662027833003,0.9936114835554855,0.6601399888070285,2.562247879131475,15.746883773318237,1.0,1.0,1.0,2110,405,31
TCGA_DU_7304_19930325_24,0,0.8687772681507999,0.767998417721519,0.8879487765835811,0.8504161191414805,0.9888331180615731,0.6513684846845844,3.562044813385946,17.0,0.5,1.0,0.6666666666666666,3883,683,490
TCGA_DU_7306_19930512_22,0,0.0,0.0,0.0,0.0,0.8934680563290636,,,,0.0,0.0,0.0,0,6695,2691
TCGA_DU_7309_19960831_26,0,0.2702630166398282,0.15624515128006206,0.9664107485604606,0.15709828393135725,0.9162247650944274,0.2853661838364695,42.897214739772075,104.0276399262168,1.0,1.0,1.0,1007,5403,35
TCGA_DU_8162_19961029_15,0,0.9392298435619735,0.8854225751559841,0.9553243574051408,0.9236686390532545,0.9979812838408814,0.8577201755281152,1.0610444399996026,4.524922359499619,1.0,1.0,1.0,1561,129,73
TCGA_DU_8163_19961119_16,1,0.8566359119943222,0.7492240844196152,0.9068369646882044,0.8117014122394082,0.9956389689276536,0.6776638430673205,2.4056693387343007,10.0,1.0,1.0,1.0,1207,280,124
TCGA_DU_8164_19970111_22,0,0.9230158730158731,0.8570375829034635,0.8871090770404272,0.9619520264681555,0.9977598493579858,0.7881821188402601,1.760824505972847,9.486832980505138,1.0,1.0,1.0,3489,138,444
TCGA_DU_8165_19970205_14,0,0.5454545454545454,0.375,1.0,0.375,0.9850663546509838,0.005747126436781609,6.709621236948712,12.529964086141668,1.0,1.0,1.0,582,970,0
TCGA_DU_8166_19970322_25,0,0.6787904874636823,0.513764456751914,0.9905778894472361,0.5162874447536422,0.9526077752117013,0.2857142857142857,8.097172309375898,34.51665826243797,0.3333333333333333,1.0,0.5,3154,2955,30
TCGA_DU_8167_19970402_19,0,0.10386288053210539,0.054776038855909336,0.0548500405295866,0.9759615384615384,0.9999191396458317,0.2784915043514298,25.3742484460116,68.02792965872848,0.0,0.0,0.0,203,5,3498
TCGA_DU_8168_19970503_20,0,0.9292165898617512,0.8677913582372181,0.9788349514563107,0.8843859649122807,0.9890868744410957,0.7131047397207093,3.0907423356852104,17.153601201875784,1.0,1.0,1.0,5041,659,109
TCGA_DU_A5TP_19970614_27,0,0.9397003745318352,0.8862592723419287,0.9227657226921663,0.957268218237314,0.9982170431571071,0.9226673230896794,0.840646702024739,2.9571067811865475,1.0,1.0,1.0,2509,112,210
TCGA_DU_A5TR_19970726_19,0,0.0,0.0,0.0,0.0,0.9944561081222937,,,,0.0,0.0,0.0,0,338,4568
TCGA_DU_A5TS_19970726_16,0,0.8601292807041673,0.7545849420849421,0.7666094631037019,0.9796365914786967,0.9989423499357274,0.6412572870146253,3.3169687920170965,14.0,1.0,1.0,1.0,3127,65,952
TCGA_DU_A5TT_19980318_49,1,0.9217900460058553,0.8549262994569433,0.9099917423616846,0.9338983050847458,0.9987874076952973,0.8945741133676871,0.9988090752855063,3.4282418293457426,1.0,1.0,1.0,1102,78,109
TCGA_DU_A5TU_19980312_16,0,0.872237339881861,0.7734227871939736,0.9403262736119061,0.813343235548954,0.974243355878937,0.5492794341706154,4.489662192088528,17.323148310114334,1.0,1.0,1.0,6571,1508,417
TCGA_DU_A5TW_19980228_23,0,0.9411097242709634,0.8887698242606087,0.932119577433131,0.9502749770852429,0.9964476893610752,0.8379331883992225,1.5742209124881628,7.548640462547215,1.0,1.0,1.0,4147,217,302
TCGA_DU_A5TY_19970709_25,0,0.34737009375496586,0.2101923076923077,0.9820305480682839,0.211003861003861,0.9365599242506558,0.260396745040687,26.74977619593823,87.98123597652138,0.5,1.0,0.6666666666666666,1093,4087,20
TCGA_EZ_7264_20010816_19,0,0.9511084117825691,0.9067747539085119,0.9678615574783683,0.9349253731343283,0.9982946900716543,0.933045542844809,0.7660426521109132,3.0,1.0,1.0,1.0,1566,109,52
TCGA_FG_5962_20000626_28,0,0.9584522676815731,0.9202192448233861,0.9701444622792937,0.947038545910373,0.9972925778183624,0.9167800690882445,0.8461509204659833,2.8284271247461903,1.0,1.0,1.0,3022,169,93
TCGA_FG_5964_20010511_14,0,0.9596832253419726,0.9224913494809689,0.9603746397694525,0.9589928057553957,0.9991114298185446,0.9540063739746782,0.7057317496296405,2.8284271247461903,1.0,1.0,1.0,1333,57,55
TCGA_FG_6688_20020215_27,0,0.9141685882654369,0.8419065596979708,0.864760058167717,0.9695652173913043,0.9991177350999637,0.8051558961853336,1.332824790254216,3.605551275463989,1.0,1.0,1.0,1784,56,279
TCGA_FG_6689_20020326_30,0,0.9591674925668979,0.921538754522948,0.9815415821501015,0.9377906976744186,0.9947034947034947,0.8161855024685586,1.3982161839117868,7.38080885425552,0.5,1.0,0.6666666666666666,4839,321,91
TCGA_FG_6690_20020226_32,0,0.9536363636363636,0.9113814074717637,0.9553734061930783,0.9519056261343013,0.9991775039572923,0.9867890887138666,0.5357149708104438,1.4142135623730951,1.0,1.0,1.0,1049,53,49
TCGA_FG_6691_20020405_26,0,0.9126416739319965,0.8393200769724182,0.9969523809523809,0.8414790996784566,0.9921635326095596,0.6795580110497239,2.218273073717023,9.0,1.0,1.0,1.0,2617,493,8
TCGA_FG_6692_20020606_19,0,0.9085853319429962,0.8324840764331211,0.839974293059126,0.9894019682059046,0.999781181619256,0.7095450705924943,1.4092062188446066,4.242640687119285,1.0,1.0,1.0,1307,14,249
TCGA_FG_7634_20000128_23,0,0.9518404410572402,0.9081064356435643,0.9203512072750079,0.9855607790463399,0.9993103116429018,0.9258053203747307,1.0756483678514808,2.23606797749979,0.5,1.0,0.6666666666666666,2935,43,254
TCGA_FG_7637_20000922_21,0,0.8788826349801959,0.783934548159167,0.7927792403159082,0.9859681945743686,0.9995228779999046,0.7345439706182412,2.48125568167479,17.19280889723326,1.0,1.0,1.0,2108,30,551
TCGA_FG_7643_20021104_26,0,0.9360902255639098,0.8798586572438163,0.9711388455538221,0.9034833091436865,0.9979300899554892,0.8849947020947103,0.8828351613349389,3.0,1.0,1.0,1.0,1245,133,37
TCGA_FG_8189_20030516_25,0,0.9315135866224026,0.8718066743383199,0.9648497198166073,0.9004040884240552,0.9931991559811719,0.7632888497515024,1.656753627329686,6.363839778884804,1.0,1.0,1.0,3788,419,138
TCGA_FG_A4MT_20020212_16,0,0.9563486798460926,0.9163488431222985,0.9274318064848173,0.9871268145713503,0.9992376317923763,0.8810331072995614,1.0715028907754867,2.8284271247461903,1.0,1.0,1.0,3604,47,282
TCGA_FG_A4MU_20030903_16,0,0.9535806512565346,0.9112796436740098,0.9547231681170387,0.9524408656265727,0.9934382974291319,0.8198251938688177,1.281505166001672,3.861942946412387,1.0,1.0,1.0,7570,378,359
TCGA_FG_A60K_20040224_47,0,0.7868852459016393,0.6486486486486487,0.6486486486486487,1.0,1.0,0.65,2.1045144576806942,5.370857542457414,1.0,1.0,1.0,408,0,221
TCGA_HT_7473_19970826_16,0,0.8708150152181264,0.7711889787361486,0.9533506108848575,0.8014316837846249,0.9787807230518508,0.45307513465898425,4.145550513788232,12.277610559537528,0.5,1.0,0.6666666666666666,5150,1276,252
TCGA_HT_7475_19970918_24,0,0.9224515322076298,0.8560650029019152,0.991930060524546,0.8620689655172413,0.9924554841597135,0.6942249397621577,1.781533875949609,7.0,1.0,1.0,1.0,2950,472,24
TCGA_HT_7602_19951103_9,0,0.8907249466950959,0.8029793368572802,0.8608964451313755,0.9226946438431806,0.9977985690698954,0.822745315002927,1.5645028513664452,6.0,1.0,1.0,1.0,1671,140,270
TCGA_HT_7605_19950916_27,0,0.9431113507684011,0.8923469387755102,0.9711271515824542,0.9166666666666666,0.997505295363615,0.8644683622403511,1.0306477486425238,4.0,1.0,1.0,1.0,1749,159,52
TCGA_HT_7608_19940304_19,0,0.8702629543696829,0.770323463973986,0.9638115631691648,0.7932675361297145,0.9807281569349062,0.7594422798417249,2.7603734649568157,19.849433241279208,1.0,1.0,1.0,4501,1173,169
TCGA_HT_7616_19940813_19,0,0.7448831587429492,0.593477144324602,0.6134855322537829,0.9479081214109926,0.9979439524680666,0.41677027495261193,5.871920868479749,15.620499351813308,1.0,1.0,1.0,2311,127,1456
TCGA_HT_7680_19970202_6,0,0.2770425269101818,0.16079475624743958,1.0,0.16079475624743958,0.9367268459174376,0.07580855592941015,21.3488365173202,37.3121651505225,1.0,1.0,1.0,785,4097,0
TCGA_HT_7684_19950816_17,0,0.9501471351912757,0.9050288540807915,0.9836917562724015,0.918814864412454,0.9919107345386616,0.7482267478384028,2.0273073743476577,9.848857801796104,1.0,1.0,1.0,5489,485,91
TCGA_HT_7686_19950629_13,0,0.9320158102766798,0.8726868985936344,0.9857859531772575,0.883808095952024,0.9950905865957177,0.771733604473818,1.5099643887320884,6.033105012119286,1.0,1.0,1.0,2358,310,34
TCGA_HT_7690_19960312_16,0,0.9709397960302665,0.9435208866155158,0.9906019243678675,0.9520430107526882,0.9963482732081157,0.9131247662968964,0.8917393045653702,4.067708094089714,1.0,1.0,1.0,4427,223,42
TCGA_HT_7692_19960724_18,0,0.8306010928961749,0.7102803738317757,0.7161366313309776,0.9886178861788618,0.9998917866031815,0.7650109714741673,1.6705546437522245,6.0,1.0,1.0,1.0,608,7,241
TCGA_HT_7693_19950520_14,0,0.9718032786885246,0.9451530612244898,0.9570552147239264,0.987012987012987,0.9993753903810119,0.979248209142604,0.6805380949209856,2.0,1.0,1.0,1.0,2964,39,133
TCGA_HT_7694_19950404_14,0,0.974502487562189,0.9502728926622195,0.9776945874278584,0.971331163799783,0.9968710359408034,0.9234380916319576,0.7786514302388827,4.123105625617661,0.3333333333333333,1.0,0.5,6268,185,143
TCGA_HT_7855_19951020_11,0,0.9477512640823206,0.9006912830888552,0.9481718139865105,0.947331087072176,0.9950419017728958,0.7434299647791927,1.6486613339202998,8.48528137423857,1.0,1.0,1.0,5342,297,292
TCGA_HT_7856_19950831_20,0,0.9592321915998944,0.92165820642978,0.9846348517715112,0.935107296137339,0.9937004199720019,0.8556359622224947,1.0008078188485712,5.0,0.3333333333333333,1.0,0.5,5447,378,85
TCGA_HT_7860_19960513_15,0,0.9250985545335085,0.8606356968215159,0.9174630755864466,0.9328621908127208,0.9988196008387047,0.8550092363321936,1.026876007822153,5.0,1.0,1.0,1.0,1056,76,95
TCGA_HT_7874_19950902_10,0,0.929159802306425,0.8676923076923077,0.9484304932735426,0.9106566200215285,0.9960388164174355,0.8279950521857596,1.300727901923274,5.0,1.0,1.0,1.0,2538,249,138
TCGA_HT_7877_19980917_23,0,0.8997744118594908,0.817809021675454,0.9344042838018741,0.867619639527657,0.9966740576496674,0.6985211806987569,1.680589729781767,5.719505122917601,1.0,1.0,1.0,1396,213,98
TCGA_HT_7879_19981009_13,0,0.8764422068386826,0.7800597460791635,0.9573785517873511,0.8081237911025145,0.9921709757868485,0.7164062838101009,2.3235012285155863,11.180339887498949,1.0,1.0,1.0,2089,496,93
TCGA_HT_7881_19981015_31,0,0.5279041916167665,0.3586072242108689,0.9848078641644326,0.3606020942408377,0.969666392411941,0.36506024096385536,11.0279150925574,32.0,1.0,1.0,1.0,1102,1954,17
TCGA_HT_7882_19970125_19,0,0.8078103207810321,0.6775854000935891,0.7538721853442666,0.8700615893044915,0.9850483121013603,0.5228059151449278,7.538823129246295,43.02556100360685,0.5,1.0,0.6666666666666666,5792,865,1891
TCGA_HT_7884_19980913_9,0,0.9474041398031897,0.9000644745325597,0.9782761037140855,0.9184210526315789,0.9980657941942629,0.9573642296524164,0.6797337057877562,2.23606797749979,1.0,1.0,1.0,1396,124,31
TCGA_HT_8018_19970411_9,0,0.9196316450397656,0.8512204571871368,0.9577157802964255,0.8844605475040258,0.9954618766009931,0.7392746452068947,2.138747060863364,12.12016156274541,1.0,1.0,1.0,2197,287,97
TCGA_HT_8105_19980826_21,0,0.9619500594530321,0.9266895761741123,0.9800121138703816,0.9445417396380619,0.9935518903142605,0.7955254662401473,1.4717984489042968,9.433981132056603,1.0,1.0,1.0,6472,380,132
TCGA_HT_8106_19970727_15,0,0.8191674733785091,0.6937202820134448,0.9572398190045249,0.7159052453468697,0.9725276523332679,0.5872228434153796,4.787598327888435,29.0,1.0,1.0,1.0,4231,1679,189
TCGA_HT_8107_19980708_11,0,0.898533724340176,0.8157614483493077,0.9745547073791349,0.8335146898803046,0.9952160590332062,0.7425005582710965,1.6204410036125378,5.385164807134504,1.0,1.0,1.0,1532,306,40
TCGA_HT_8111_19980330_16,0,0.8994565217391305,0.817283950617284,0.8176877470355731,0.9993961352657005,0.9999842549439476,0.573213811692157,2.0576465605649377,4.242640687119285,1.0,1.0,1.0,1655,1,369
TCGA_HT_8113_19930809_17,0,0.7268947873361049,0.5709620698317006,0.9982433025911287,0.5715363339200402,0.9730631214530738,0.25923682616596005,5.787741737535273,17.029386365926403,1.0,1.0,1.0,2273,1704,4
TCGA_HT_8114_19981030_14,0,0.9723414401525989,0.9461716937354988,0.9543646150245729,0.9910085054678007,0.9993960465533845,0.9685967344742669,0.7613959029059432,2.0,1.0,1.0,1.0,4078,37,195
TCGA_HT_8563_19981209_11,0,0.9533876719307183,0.9109272329033828,0.9447248864209995,0.9622107969151671,0.9976126287069218,0.8781624016999328,1.1599652616695038,5.830951894845301,1.0,1.0,1.0,3743,147,219
TCGA_HT_A5RC_19990831_20,0,0.7561450044208665,0.6079044640318453,0.9283543204515848,0.6378281622911695,0.9808011639492037,0.43759206004068174,7.747097213670663,31.42683741693697,0.5,1.0,0.6666666666666666,2138,1214,165
TCGA_HT_A616_19991226_17,0,0.7785402370555209,0.6373850868232891,0.6724137931034483,0.9244444444444444,0.9983982412060302,0.7190038855528081,3.0379254455994467,13.416407864998739,1.0,1.0,1.0,1248,102,608
TCGA_HT_A61A_20000127_35,1,0.9325477448191792,0.8736200989722116,0.8923017107309487,0.9765957446808511,0.9991264849755416,0.8564877442403414,1.1474275387835082,4.123105625617661,1.0,1.0,1.0,2295,55,277
TCGA_HT_A61B_19991127_42,0,0.9595738013162018,0.922289156626506,0.9456454601605929,0.9739185750636132,0.9993585431105966,0.9503583520204018,0.63833852903553,2.23606797749979,1.0,1.0,1.0,1531,41,88
