case_id,canonical_oracle,max_budget_oracle,gain,s10_a0,s10_a6,s10_a11,s10_a15,s10_a23,s10_a39,s15_a0,s15_a6,s15_a11,s15_a15,s15_a23,s15_a39,s20_a0,s20_a6,s20_a11,s20_a15,s20_a23,s20_a39,s25_a0,s25_a6,s25_a11,s25_a15,s25_a23,s25_a39,s30_a0,s30_a6,s30_a11,s30_a15,s30_a23,s30_a39
TCGA_CS_4941_19960909_14,0.881123557933456,0.881123557933456,0.0,0.881123557933456,0.881123557933456,0.881123557933456,0.881123557933456,0.881123557933456,0.881123557933456,0.881123557933456,0.881123557933456,0.881123557933456,0.881123557933456,0.881123557933456,0.881123557933456,0.881123557933456,0.881123557933456,0.881123557933456,0.881123557933456,0.881123557933456,0.881123557933456,0.881123557933456,0.881123557933456,0.881123557933456,0.881123557933456,0.881123557933456,0.881123557933456,0.881123557933456,0.881123557933456,0.881123557933456,0.881123557933456,0.881123557933456,0.881123557933456
TCGA_CS_4942_19970222_11,0.9582389122693429,0.9647819063004847,0.00654299403114178,0.9582389122693429,0.9636070853462158,0.9636070853462158,0.9647819063004847,0.9647819063004847,0.9647819063004847,0.9582389122693429,0.9636070853462158,0.9636070853462158,0.9647819063004847,0.9647819063004847,0.9647819063004847,0.958806357444048,0.9636070853462158,0.9636070853462158,0.9647819063004847,0.9647819063004847,0.9647819063004847,0.958806357444048,0.9636070853462158,0.9636070853462158,0.9647819063004847,0.9647819063004847,0.9647819063004847,0.958806357444048,0.9636070853462158,0.9636070853462158,0.9647819063004847,0.9647819063004847,0.9647819063004847
TCGA_CS_4943_20000902_17,0.9519504436631508,0.9573781078463028,0.005427664183151992,0.9519504436631508,0.9561830574488802,0.9572484731597557,0.9572484731597557,0.9573781078463028,0.9573781078463028,0.9519504436631508,0.9561830574488802,0.9572484731597557,0.9572484731597557,0.9573781078463028,0.9573781078463028,0.9519504436631508,0.9561830574488802,0.9572484731597557,0.9572484731597557,0.9573781078463028,0.9573781078463028,0.9519504436631508,0.9561830574488802,0.9572484731597557,0.9572484731597557,0.9573781078463028,0.9573781078463028,0.9519504436631508,0.9561830574488802,0.9572484731597557,0.9572484731597557,0.9573781078463028,0.9573781078463028
TCGA_CS_4944_20010208_10,0.9574947673482531,0.9574947673482531,0.0,0.9574947673482531,0.9574947673482531,0.9574947673482531,0.9574947673482531,0.9574947673482531,0.9574947673482531,0.9574947673482531,0.9574947673482531,0.9574947673482531,0.9574947673482531,0.9574947673482531,0.9574947673482531,0.9574947673482531,0.9574947673482531,0.9574947673482531,0.9574947673482531,0.9574947673482531,0.9574947673482531,0.9574947673482531,0.9574947673482531,0.9574947673482531,0.9574947673482531,0.9574947673482531,0.9574947673482531,0.9574947673482531,0.9574947673482531,0.9574947673482531,0.9574947673482531,0.9574947673482531,0.9574947673482531
TCGA_CS_5393_19990606_9,0.9676586960261483,0.9685113685113685,0.0008526724852202516,0.9676586960261483,0.9685113685113685,0.9685113685113685,0.9685113685113685,0.9685113685113685,0.9685113685113685,0.9678139215517981,0.9685113685113685,0.9685113685113685,0.9685113685113685,0.9685113685113685,0.9685113685113685,0.9679355281207133,0.9685113685113685,0.9685113685113685,0.9685113685113685,0.9685113685113685,0.9685113685113685,0.9679355281207133,0.9685113685113685,0.9685113685113685,0.9685113685113685,0.9685113685113685,0.9685113685113685,0.9679355281207133,0.9685113685113685,0.9685113685113685,0.9685113685113685,0.9685113685113685,0.9685113685113685
TCGA_CS_5395_19981004_13,0.9085510688836105,0.9085510688836105,0.0,0.9085510688836105,0.9085510688836105,0.9085510688836105,0.9085510688836105,0.9085510688836105,0.9085510688836105,0.9085510688836105,0.9085510688836105,0.9085510688836105,0.9085510688836105,0.9085510688836105,0.9085510688836105,0.9085510688836105,0.9085510688836105,0.9085510688836105,0.9085510688836105,0.9085510688836105,0.9085510688836105,0.9085510688836105,0.9085510688836105,0.9085510688836105,0.9085510688836105,0.9085510688836105,0.9085510688836105,0.9085510688836105,0.9085510688836105,0.9085510688836105,0.9085510688836105,0.9085510688836105,0.9085510688836105
TCGA_CS_5396_20010302_15,0.9345794392523364,0.9401181762060147,0.005538736953678236,0.9345794392523364,0.9345794392523364,0.9345794392523364,0.9345794392523364,0.9345794392523364,0.9345794392523364,0.9345794392523364,0.9345794392523364,0.9345794392523364,0.9345794392523364,0.9345794392523364,0.9345794392523364,0.9401181762060147,0.9401181762060147,0.9401181762060147,0.9401181762060147,0.9401181762060147,0.9401181762060147,0.9401181762060147,0.9401181762060147,0.9401181762060147,0.9401181762060147,0.9401181762060147,0.9401181762060147,0.9401181762060147,0.9401181762060147,0.9401181762060147,0.9401181762060147,0.9401181762060147,0.9401181762060147
TCGA_CS_5397_20010315_10,0.9044193216855088,0.9144460028050491,0.010026681119540304,0.9044193216855088,0.9090909090909091,0.9090909090909091,0.9090909090909091,0.9144460028050491,0.9144460028050491,0.9044193216855088,0.9090909090909091,0.9090909090909091,0.9090909090909091,0.9144460028050491,0.9144460028050491,0.9044193216855088,0.9090909090909091,0.9090909090909091,0.9090909090909091,0.9144460028050491,0.9144460028050491,0.9044193216855088,0.9090909090909091,0.9090909090909091,0.9090909090909091,0.9144460028050491,0.9144460028050491,0.9044193216855088,0.9090909090909091,0.9090909090909091,0.9090909090909091,0.9144460028050491,0.9144460028050491
TCGA_CS_6186_20000601_16,0.9358302122347066,0.9358302122347066,0.0,0.9358302122347066,0.9358302122347066,0.9358302122347066,0.9358302122347066,0.9358302122347066,0.9358302122347066,0.9358302122347066,0.9358302122347066,0.9358302122347066,0.9358302122347066,0.9358302122347066,0.9358302122347066,0.9358302122347066,0.9358302122347066,0.9358302122347066,0.9358302122347066,0.9358302122347066,0.9358302122347066,0.9358302122347066,0.9358302122347066,0.9358302122347066,0.9358302122347066,0.9358302122347066,0.9358302122347066,0.9358302122347066,0.9358302122347066,0.9358302122347066,0.9358302122347066,0.9358302122347066,0.9358302122347066
TCGA_CS_6188_20010812_15,0.926391382405745,0.926391382405745,0.0,0.926391382405745,0.926391382405745,0.926391382405745,0.926391382405745,0.926391382405745,0.926391382405745,0.926391382405745,0.926391382405745,0.926391382405745,0.926391382405745,0.926391382405745,0.926391382405745,0.926391382405745,0.926391382405745,0.926391382405745,0.926391382405745,0.926391382405745,0.926391382405745,0.926391382405745,0.926391382405745,0.926391382405745,0.926391382405745,0.926391382405745,0.926391382405745,0.926391382405745,0.926391382405745,0.926391382405745,0.926391382405745,0.926391382405745,0.926391382405745
TCGA_CS_6290_20000917_8,0.9645576266736676,0.9645576266736676,0.0,0.9645576266736676,0.9645576266736676,0.9645576266736676,0.9645576266736676,0.9645576266736676,0.9645576266736676,0.9645576266736676,0.9645576266736676,0.9645576266736676,0.9645576266736676,0.9645576266736676,0.9645576266736676,0.9645576266736676,0.9645576266736676,0.9645576266736676,0.9645576266736676,0.9645576266736676,0.9645576266736676,0.9645576266736676,0.9645576266736676,0.9645576266736676,0.9645576266736676,0.9645576266736676,0.9645576266736676,0.9645576266736676,0.9645576266736676,0.9645576266736676,0.9645576266736676,0.9645576266736676,0.9645576266736676
TCGA_CS_6665_20010817_18,0.7081682701377099,0.726928895612708,0.018760625474998127,0.7081682701377099,0.726928895612708,0.726928895612708,0.726928895612708,0.726928895612708,0.726928895612708,0.7081682701377099,0.726928895612708,0.726928895612708,0.726928895612708,0.726928895612708,0.726928895612708,0.7081682701377099,0.726928895612708,0.726928895612708,0.726928895612708,0.726928895612708,0.726928895612708,0.7081682701377099,0.726928895612708,0.726928895612708,0.726928895612708,0.726928895612708,0.726928895612708,0.7081682701377099,0.726928895612708,0.726928895612708,0.726928895612708,0.726928895612708,0.726928895612708
TCGA_CS_6666_20011109_17,0.9493494423791822,0.9493494423791822,0.0,0.9493494423791822,0.9493494423791822,0.9493494423791822,0.9493494423791822,0.9493494423791822,0.9493494423791822,0.9493494423791822,0.9493494423791822,0.9493494423791822,0.9493494423791822,0.9493494423791822,0.9493494423791822,0.9493494423791822,0.9493494423791822,0.9493494423791822,0.9493494423791822,0.9493494423791822,0.9493494423791822,0.9493494423791822,0.9493494423791822,0.9493494423791822,0.9493494423791822,0.9493494423791822,0.9493494423791822,0.9493494423791822,0.9493494423791822,0.9493494423791822,0.9493494423791822,0.9493494423791822,0.9493494423791822
TCGA_CS_6667_20011105_13,0.9404553415061296,0.9490126731506042,0.008557331644474586,0.9404553415061296,0.9416319237641453,0.9490126731506042,0.9490126731506042,0.9490126731506042,0.9490126731506042,0.9404553415061296,0.9416319237641453,0.9490126731506042,0.9490126731506042,0.9490126731506042,0.9490126731506042,0.9404553415061296,0.9416319237641453,0.9490126731506042,0.9490126731506042,0.9490126731506042,0.9490126731506042,0.9404553415061296,0.9416319237641453,0.9490126731506042,0.9490126731506042,0.9490126731506042,0.9490126731506042,0.9404553415061296,0.9416319237641453,0.9490126731506042,0.9490126731506042,0.9490126731506042,0.9490126731506042
TCGA_CS_6668_20011025_17,0.9417924237757931,0.9432449105490438,0.0014524867732507163,0.9417924237757931,0.9417924237757931,0.9432449105490438,0.9432449105490438,0.9432449105490438,0.9432449105490438,0.9417924237757931,0.9417924237757931,0.9432449105490438,0.9432449105490438,0.9432449105490438,0.9432449105490438,0.9428836060512504,0.9428836060512504,0.9432449105490438,0.9432449105490438,0.9432449105490438,0.9432449105490438,0.9428836060512504,0.9428836060512504,0.9432449105490438,0.9432449105490438,0.9432449105490438,0.9432449105490438,0.9428836060512504,0.9428836060512504,0.9432449105490438,0.9432449105490438,0.9432449105490438,0.9432449105490438
TCGA_CS_6669_20020102_16,0.9043746494671902,0.9043746494671902,0.0,0.9043746494671902,0.9043746494671902,0.9043746494671902,0.9043746494671902,0.9043746494671902,0.9043746494671902,0.9043746494671902,0.9043746494671902,0.9043746494671902,0.9043746494671902,0.9043746494671902,0.9043746494671902,0.9043746494671902,0.9043746494671902,0.9043746494671902,0.9043746494671902,0.9043746494671902,0.9043746494671902,0.9043746494671902,0.9043746494671902,0.9043746494671902,0.9043746494671902,0.9043746494671902,0.9043746494671902,0.9043746494671902,0.9043746494671902,0.9043746494671902,0.9043746494671902,0.9043746494671902,0.9043746494671902
TCGA_DU_5849_19950405_24,0.9584450402144772,0.9590878604963112,0.0006428202818340445,0.9584450402144772,0.9590488771466315,0.9590488771466315,0.9590488771466315,0.9590488771466315,0.9590488771466315,0.9590878604963112,0.9590878604963112,0.9590878604963112,0.9590878604963112,0.9590878604963112,0.9590878604963112,0.9590878604963112,0.9590878604963112,0.9590878604963112,0.9590878604963112,0.9590878604963112,0.9590878604963112,0.9590878604963112,0.9590878604963112,0.9590878604963112,0.9590878604963112,0.9590878604963112,0.9590878604963112,0.9590878604963112,0.9590878604963112,0.9590878604963112,0.9590878604963112,0.9590878604963112,0.9590878604963112
TCGA_DU_5851_19950428_19,0.9556148435605142,0.9556148435605142,0.0,0.9556148435605142,0.9556148435605142,0.9556148435605142,0.9556148435605142,0.9556148435605142,0.9556148435605142,0.9556148435605142,0.9556148435605142,0.9556148435605142,0.9556148435605142,0.9556148435605142,0.9556148435605142,0.9556148435605142,0.9556148435605142,0.9556148435605142,0.9556148435605142,0.9556148435605142,0.9556148435605142,0.9556148435605142,0.9556148435605142,0.9556148435605142,0.9556148435605142,0.9556148435605142,0.9556148435605142,0.9556148435605142,0.9556148435605142,0.9556148435605142,0.9556148435605142,0.9556148435605142,0.9556148435605142
TCGA_DU_5852_19950709_13,0.7552721922511035,0.7552721922511035,0.0,0.7552721922511035,0.7552721922511035,0.7552721922511035,0.7552721922511035,0.7552721922511035,0.7552721922511035,0.7552721922511035,0.7552721922511035,0.7552721922511035,0.7552721922511035,0.7552721922511035,0.7552721922511035,0.7552721922511035,0.7552721922511035,0.7552721922511035,0.7552721922511035,0.7552721922511035,0.7552721922511035,0.7552721922511035,0.7552721922511035,0.7552721922511035,0.7552721922511035,0.7552721922511035,0.7552721922511035,0.7552721922511035,0.7552721922511035,0.7552721922511035,0.7552721922511035,0.7552721922511035,0.7552721922511035
TCGA_DU_5853_19950823_29,0.7690782953419227,0.7696889477167439,0.0006106523748211634,0.7690782953419227,0.7690782953419227,0.7690782953419227,0.7690782953419227,0.7690782953419227,0.7690782953419227,0.7696889477167439,0.7696889477167439,0.7696889477167439,0.7696889477167439,0.7696889477167439,0.7696889477167439,0.7696889477167439,0.7696889477167439,0.7696889477167439,0.7696889477167439,0.7696889477167439,0.7696889477167439,0.7696889477167439,0.7696889477167439,0.7696889477167439,0.7696889477167439,0.7696889477167439,0.7696889477167439,0.7696889477167439,0.7696889477167439,0.7696889477167439,0.7696889477167439,0.7696889477167439,0.7696889477167439
TCGA_DU_5854_19951104_27,0.8957708957708957,0.8987800857237059,0.0030091899528101873,0.8957708957708957,0.8957708957708957,0.8987800857237059,0.8987800857237059,0.8987800857237059,0.8987800857237059,0.8957708957708957,0.8957708957708957,0.8987800857237059,0.8987800857237059,0.8987800857237059,0.8987800857237059,0.8957708957708957,0.8957708957708957,0.8987800857237059,0.8987800857237059,0.8987800857237059,0.8987800857237059,0.8957708957708957,0.8957708957708957,0.8987800857237059,0.8987800857237059,0.8987800857237059,0.8987800857237059,0.8957708957708957,0.8957708957708957,0.8987800857237059,0.8987800857237059,0.8987800857237059,0.8987800857237059
TCGA_DU_5855_19951217_17,0.9579551382368284,0.9584158415841584,0.00046070334732994933,0.9579551382368284,0.9579551382368284,0.9579551382368284,0.9579551382368284,0.9579551382368284,0.9579551382368284,0.9579551382368284,0.9579551382368284,0.9579551382368284,0.9579551382368284,0.9579551382368284,0.9579551382368284,0.9579551382368284,0.9579551382368284,0.9579551382368284,0.9579551382368284,0.9579551382368284,0.9579551382368284,0.9584158415841584,0.9584158415841584,0.9584158415841584,0.9584158415841584,0.9584158415841584,0.9584158415841584,0.9584158415841584,0.9584158415841584,0.9584158415841584,0.9584158415841584,0.9584158415841584,0.9584158415841584
TCGA_DU_5871_19941206_23,0.9622093023255814,0.9623757954672323,0.0001664931416508475,0.9622093023255814,0.9622093023255814,0.9622093023255814,0.9622093023255814,0.9622093023255814,0.9622093023255814,0.9622093023255814,0.9622093023255814,0.9622093023255814,0.9622093023255814,0.9622093023255814,0.9622093023255814,0.9623757954672323,0.9623757954672323,0.9623757954672323,0.9623757954672323,0.9623757954672323,0.9623757954672323,0.9623757954672323,0.9623757954672323,0.9623757954672323,0.9623757954672323,0.9623757954672323,0.9623757954672323,0.9623757954672323,0.9623757954672323,0.9623757954672323,0.9623757954672323,0.9623757954672323,0.9623757954672323
TCGA_DU_5872_19950223_39,0.8199620972836387,0.8199620972836387,0.0,0.8199620972836387,0.8199620972836387,0.8199620972836387,0.8199620972836387,0.8199620972836387,0.8199620972836387,0.8199620972836387,0.8199620972836387,0.8199620972836387,0.8199620972836387,0.8199620972836387,0.8199620972836387,0.8199620972836387,0.8199620972836387,0.8199620972836387,0.8199620972836387,0.8199620972836387,0.8199620972836387,0.8199620972836387,0.8199620972836387,0.8199620972836387,0.8199620972836387,0.8199620972836387,0.8199620972836387,0.8199620972836387,0.8199620972836387,0.8199620972836387,0.8199620972836387,0.8199620972836387,0.8199620972836387
TCGA_DU_5874_19950510_24,0.8932617769827073,0.8932617769827073,0.0,0.8932617769827073,0.8932617769827073,0.8932617769827073,0.8932617769827073,0.8932617769827073,0.8932617769827073,0.8932617769827073,0.8932617769827073,0.8932617769827073,0.8932617769827073,0.8932617769827073,0.8932617769827073,0.8932617769827073,0.8932617769827073,0.8932617769827073,0.8932617769827073,0.8932617769827073,0.8932617769827073,0.8932617769827073,0.8932617769827073,0.8932617769827073,0.8932617769827073,0.8932617769827073,0.8932617769827073,0.8932617769827073,0.8932617769827073,0.8932617769827073,0.8932617769827073,0.8932617769827073,0.8932617769827073
TCGA_DU_6399_19830416_23,0.9697885196374623,0.9697885196374623,0.0,0.9697885196374623,0.9697885196374623,0.9697885196374623,0.9697885196374623,0.9697885196374623,0.9697885196374623,0.9697885196374623,0.9697885196374623,0.9697885196374623,0.9697885196374623,0.9697885196374623,0.9697885196374623,0.9697885196374623,0.9697885196374623,0.9697885196374623,0.9697885196374623,0.9697885196374623,0.9697885196374623,0.9697885196374623,0.9697885196374623,0.9697885196374623,0.9697885196374623,0.9697885196374623,0.9697885196374623,0.9697885196374623,0.9697885196374623,0.9697885196374623,0.9697885196374623,0.9697885196374623,0.9697885196374623
TCGA_DU_6400_19830518_22,0.9621828626136908,0.9621949274206413,1.206480695048473e-05,0.9621828626136908,0.9621828626136908,0.9621828626136908,0.9621828626136908,0.9621828626136908,0.9621828626136908,0.9621828626136908,0.9621828626136908,0.9621828626136908,0.9621828626136908,0.9621828626136908,0.9621828626136908,0.9621828626136908,0.9621828626136908,0.9621828626136908,0.9621828626136908,0.9621828626136908,0.9621828626136908,0.9621949274206413,0.9621949274206413,0.9621949274206413,0.9621949274206413,0.9621949274206413,0.9621949274206413,0.9621949274206413,0.9621949274206413,0.9621949274206413,0.9621949274206413,0.9621949274206413,0.9621949274206413
TCGA_DU_6401_19831001_30,0.9787886993410958,0.9793425543380636,0.0005538549969678064,0.9787886993410958,0.9789389496134364,0.9789389496134364,0.9789389496134364,0.9789389496134364,0.9789389496134364,0.9787886993410958,0.9789389496134364,0.9789389496134364,0.9789389496134364,0.9789389496134364,0.9789389496134364,0.9793425543380636,0.9793425543380636,0.9793425543380636,0.9793425543380636,0.9793425543380636,0.9793425543380636,0.9793425543380636,0.9793425543380636,0.9793425543380636,0.9793425543380636,0.9793425543380636,0.9793425543380636,0.9793425543380636,0.9793425543380636,0.9793425543380636,0.9793425543380636,0.9793425543380636,0.9793425543380636
TCGA_DU_6404_19850629_35,0.9526813880126183,0.9527806925498427,9.930453722439836e-05,0.9526813880126183,0.9526813880126183,0.9526813880126183,0.9526813880126183,0.9526813880126183,0.9526813880126183,0.9526813880126183,0.9526813880126183,0.9526813880126183,0.9526813880126183,0.9526813880126183,0.9526813880126183,0.9527806925498427,0.9527806925498427,0.9527806925498427,0.9527806925498427,0.9527806925498427,0.9527806925498427,0.9527806925498427,0.9527806925498427,0.9527806925498427,0.9527806925498427,0.9527806925498427,0.9527806925498427,0.9527806925498427,0.9527806925498427,0.9527806925498427,0.9527806925498427,0.9527806925498427,0.9527806925498427
TCGA_DU_6405_19851005_46,0.0,0.8834586466165414,0.8834586466165414,0.0,0.42240726722180166,0.7739686228936665,0.7739686228936665,0.7739686228936665,0.7739686228936665,0.8834586466165414,0.8834586466165414,0.8834586466165414,0.8834586466165414,0.8834586466165414,0.8834586466165414,0.8834586466165414,0.8834586466165414,0.8834586466165414,0.8834586466165414,0.8834586466165414,0.8834586466165414,0.8834586466165414,0.8834586466165414,0.8834586466165414,0.8834586466165414,0.8834586466165414,0.8834586466165414,0.8834586466165414,0.8834586466165414,0.8834586466165414,0.8834586466165414,0.8834586466165414,0.8834586466165414
TCGA_DU_6407_19860514_27,0.9768944902245921,0.9768944902245921,0.0,0.9768944902245921,0.9768944902245921,0.9768944902245921,0.9768944902245921,0.9768944902245921,0.9768944902245921,0.9768944902245921,0.9768944902245921,0.9768944902245921,0.9768944902245921,0.9768944902245921,0.9768944902245921,0.9768944902245921,0.9768944902245921,0.9768944902245921,0.9768944902245921,0.9768944902245921,0.9768944902245921,0.9768944902245921,0.9768944902245921,0.9768944902245921,0.9768944902245921,0.9768944902245921,0.9768944902245921,0.9768944902245921,0.9768944902245921,0.9768944902245921,0.9768944902245921,0.9768944902245921,0.9768944902245921
TCGA_DU_6408_19860521_31,0.9509275335831124,0.956006922306221,0.0050793887231085355,0.9509275335831124,0.956006922306221,0.956006922306221,0.956006922306221,0.956006922306221,0.956006922306221,0.9509275335831124,0.956006922306221,0.956006922306221,0.956006922306221,0.956006922306221,0.956006922306221,0.9509275335831124,0.956006922306221,0.956006922306221,0.956006922306221,0.956006922306221,0.956006922306221,0.9509275335831124,0.956006922306221,0.956006922306221,0.956006922306221,0.956006922306221,0.956006922306221,0.9509275335831124,0.956006922306221,0.956006922306221,0.956006922306221,0.956006922306221,0.956006922306221
TCGA_DU_7008_19830723_26,0.8904565941602979,0.8904565941602979,0.0,0.8904565941602979,0.8904565941602979,0.8904565941602979,0.8904565941602979,0.8904565941602979,0.8904565941602979,0.8904565941602979,0.8904565941602979,0.8904565941602979,0.8904565941602979,0.8904565941602979,0.8904565941602979,0.8904565941602979,0.8904565941602979,0.8904565941602979,0.8904565941602979,0.8904565941602979,0.8904565941602979,0.8904565941602979,0.8904565941602979,0.8904565941602979,0.8904565941602979,0.8904565941602979,0.8904565941602979,0.8904565941602979,0.8904565941602979,0.8904565941602979,0.8904565941602979,0.8904565941602979,0.8904565941602979
TCGA_DU_7010_19860307_38,0.8665256872745366,0.8665256872745366,0.0,0.8665256872745366,0.8665256872745366,0.8665256872745366,0.8665256872745366,0.8665256872745366,0.8665256872745366,0.8665256872745366,0.8665256872745366,0.8665256872745366,0.8665256872745366,0.8665256872745366,0.8665256872745366,0.8665256872745366,0.8665256872745366,0.8665256872745366,0.8665256872745366,0.8665256872745366,0.8665256872745366,0.8665256872745366,0.8665256872745366,0.8665256872745366,0.8665256872745366,0.8665256872745366,0.8665256872745366,0.8665256872745366,0.8665256872745366,0.8665256872745366,0.8665256872745366,0.8665256872745366,0.8665256872745366
TCGA_DU_7013_19860523_17,0.3973941368078176,0.7853470437017995,0.38795290689398193,0.3973941368078176,0.7687790555419624,0.7687790555419624,0.7788810850084766,0.7788810850084766,0.7788810850084766,0.7853470437017995,0.7853470437017995,0.7853470437017995,0.7853470437017995,0.7853470437017995,0.7853470437017995,0.7853470437017995,0.7853470437017995,0.7853470437017995,0.7853470437017995,0.7853470437017995,0.7853470437017995,0.7853470437017995,0.7853470437017995,0.7853470437017995,0.7853470437017995,0.7853470437017995,0.7853470437017995,0.7853470437017995,0.7853470437017995,0.7853470437017995,0.7853470437017995,0.7853470437017995,0.7853470437017995
TCGA_DU_7014_19860618_36,0.9516223497715826,0.9516223497715826,0.0,0.9516223497715826,0.9516223497715826,0.9516223497715826,0.9516223497715826,0.9516223497715826,0.9516223497715826,0.9516223497715826,0.9516223497715826,0.9516223497715826,0.9516223497715826,0.9516223497715826,0.9516223497715826,0.9516223497715826,0.9516223497715826,0.9516223497715826,0.9516223497715826,0.9516223497715826,0.9516223497715826,0.9516223497715826,0.9516223497715826,0.9516223497715826,0.9516223497715826,0.9516223497715826,0.9516223497715826,0.9516223497715826,0.9516223497715826,0.9516223497715826,0.9516223497715826,0.9516223497715826,0.9516223497715826
TCGA_DU_7018_19911220_22,0.8583222046861722,0.8666178980736405,0.008295693387468384,0.8583222046861722,0.8666178980736405,0.8666178980736405,0.8666178980736405,0.8666178980736405,0.8666178980736405,0.8583222046861722,0.8666178980736405,0.8666178980736405,0.8666178980736405,0.8666178980736405,0.8666178980736405,0.8583222046861722,0.8666178980736405,0.8666178980736405,0.8666178980736405,0.8666178980736405,0.8666178980736405,0.8583222046861722,0.8666178980736405,0.8666178980736405,0.8666178980736405,0.8666178980736405,0.8666178980736405,0.8583222046861722,0.8666178980736405,0.8666178980736405,0.8666178980736405,0.8666178980736405,0.8666178980736405
TCGA_DU_7019_19940908_15,0.8897827835880934,0.8897827835880934,0.0,0.8897827835880934,0.8897827835880934,0.8897827835880934,0.8897827835880934,0.8897827835880934,0.8897827835880934,0.8897827835880934,0.8897827835880934,0.8897827835880934,0.8897827835880934,0.8897827835880934,0.8897827835880934,0.8897827835880934,0.8897827835880934,0.8897827835880934,0.8897827835880934,0.8897827835880934,0.8897827835880934,0.8897827835880934,0.8897827835880934,0.8897827835880934,0.8897827835880934,0.8897827835880934,0.8897827835880934,0.8897827835880934,0.8897827835880934,0.8897827835880934,0.8897827835880934,0.8897827835880934,0.8897827835880934
TCGA_DU_7294_19890104_25,0.8839336763865066,0.8839336763865066,0.0,0.8839336763865066,0.8839336763865066,0.8839336763865066,0.8839336763865066,0.8839336763865066,0.8839336763865066,0.8839336763865066,0.8839336763865066,0.8839336763865066,0.8839336763865066,0.8839336763865066,0.8839336763865066,0.8839336763865066,0.8839336763865066,0.8839336763865066,0.8839336763865066,0.8839336763865066,0.8839336763865066,0.8839336763865066,0.8839336763865066,0.8839336763865066,0.8839336763865066,0.8839336763865066,0.8839336763865066,0.8839336763865066,0.8839336763865066,0.8839336763865066,0.8839336763865066,0.8839336763865066,0.8839336763865066
TCGA_DU_7298_19910324_14,0.9524158125915081,0.9579467405711531,0.0055309279796450506,0.9524158125915081,0.9574697496106386,0.9574697496106386,0.9574697496106386,0.9579467405711531,0.9579467405711531,0.9524158125915081,0.9574697496106386,0.9574697496106386,0.9574697496106386,0.9579467405711531,0.9579467405711531,0.9533517208298357,0.9574697496106386,0.9574697496106386,0.9574697496106386,0.9579467405711531,0.9579467405711531,0.9533517208298357,0.9574697496106386,0.9574697496106386,0.9574697496106386,0.9579467405711531,0.9579467405711531,0.9533517208298357,0.9574697496106386,0.9574697496106386,0.9574697496106386,0.9579467405711531,0.9579467405711531
TCGA_DU_7299_19910417_25,0.8024401689347724,0.8024401689347724,0.0,0.8024401689347724,0.8024401689347724,0.8024401689347724,0.8024401689347724,0.8024401689347724,0.8024401689347724,0.8024401689347724,0.8024401689347724,0.8024401689347724,0.8024401689347724,0.8024401689347724,0.8024401689347724,0.8024401689347724,0.8024401689347724,0.8024401689347724,0.8024401689347724,0.8024401689347724,0.8024401689347724,0.8024401689347724,0.8024401689347724,0.8024401689347724,0.8024401689347724,0.8024401689347724,0.8024401689347724,0.8024401689347724,0.8024401689347724,0.8024401689347724,0.8024401689347724,0.8024401689347724,0.8024401689347724
TCGA_DU_7300_19910814_16,0.9116901083698409,0.912313003452244,0.0006228950824030965,0.9116901083698409,0.9116901083698409,0.9116901083698409,0.9116901083698409,0.9116901083698409,0.9116901083698409,0.9116901083698409,0.9116901083698409,0.9116901083698409,0.9116901083698409,0.9116901083698409,0.9116901083698409,0.9116901083698409,0.9116901083698409,0.9116901083698409,0.9116901083698409,0.9116901083698409,0.9116901083698409,0.912313003452244,0.912313003452244,0.912313003452244,0.912313003452244,0.912313003452244,0.912313003452244,0.912313003452244,0.912313003452244,0.912313003452244,0.912313003452244,0.912313003452244,0.912313003452244
TCGA_DU_7301_19911112_22,0.45878136200716846,0.4588781105018979,9.674849472945946e-05,0.45878136200716846,0.45878136200716846,0.45878136200716846,0.45878136200716846,0.45878136200716846,0.45878136200716846,0.45878136200716846,0.45878136200716846,0.45878136200716846,0.45878136200716846,0.45878136200716846,0.45878136200716846,0.45878136200716846,0.45878136200716846,0.45878136200716846,0.45878136200716846,0.45878136200716846,0.45878136200716846,0.4588781105018979,0.4588781105018979,0.4588781105018979,0.4588781105018979,0.4588781105018979,0.4588781105018979,0.4588781105018979,0.4588781105018979,0.4588781105018979,0.4588781105018979,0.4588781105018979,0.4588781105018979
TCGA_DU_7302_19911203_24,0.9241727941176471,0.9241727941176471,0.0,0.9241727941176471,0.9241727941176471,0.9241727941176471,0.9241727941176471,0.9241727941176471,0.9241727941176471,0.9241727941176471,0.9241727941176471,0.9241727941176471,0.9241727941176471,0.9241727941176471,0.9241727941176471,0.9241727941176471,0.9241727941176471,0.9241727941176471,0.9241727941176471,0.9241727941176471,0.9241727941176471,0.9241727941176471,0.9241727941176471,0.9241727941176471,0.9241727941176471,0.9241727941176471,0.9241727941176471,0.9241727941176471,0.9241727941176471,0.9241727941176471,0.9241727941176471,0.9241727941176471,0.9241727941176471
TCGA_DU_7304_19930325_24,0.8747099767981439,0.8747099767981439,0.0,0.8747099767981439,0.8747099767981439,0.8747099767981439,0.8747099767981439,0.8747099767981439,0.8747099767981439,0.8747099767981439,0.8747099767981439,0.8747099767981439,0.8747099767981439,0.8747099767981439,0.8747099767981439,0.8747099767981439,0.8747099767981439,0.8747099767981439,0.8747099767981439,0.8747099767981439,0.8747099767981439,0.8747099767981439,0.8747099767981439,0.8747099767981439,0.8747099767981439,0.8747099767981439,0.8747099767981439,0.8747099767981439,0.8747099767981439,0.8747099767981439,0.8747099767981439,0.8747099767981439,0.8747099767981439
TCGA_DU_7306_19930512_22,0.5221548078690936,0.5221548078690936,0.0,0.5221548078690936,0.5221548078690936,0.5221548078690936,0.5221548078690936,0.5221548078690936,0.5221548078690936,0.5221548078690936,0.5221548078690936,0.5221548078690936,0.5221548078690936,0.5221548078690936,0.5221548078690936,0.5221548078690936,0.5221548078690936,0.5221548078690936,0.5221548078690936,0.5221548078690936,0.5221548078690936,0.5221548078690936,0.5221548078690936,0.5221548078690936,0.5221548078690936,0.5221548078690936,0.5221548078690936,0.5221548078690936,0.5221548078690936,0.5221548078690936,0.5221548078690936,0.5221548078690936,0.5221548078690936
TCGA_DU_7309_19960831_26,0.9098631429919773,0.9098631429919773,0.0,0.9098631429919773,0.9098631429919773,0.9098631429919773,0.9098631429919773,0.9098631429919773,0.9098631429919773,0.9098631429919773,0.9098631429919773,0.9098631429919773,0.9098631429919773,0.9098631429919773,0.9098631429919773,0.9098631429919773,0.9098631429919773,0.9098631429919773,0.9098631429919773,0.9098631429919773,0.9098631429919773,0.9098631429919773,0.9098631429919773,0.9098631429919773,0.9098631429919773,0.9098631429919773,0.9098631429919773,0.9098631429919773,0.9098631429919773,0.9098631429919773,0.9098631429919773,0.9098631429919773,0.9098631429919773
TCGA_DU_8162_19961029_15,0.943104514533086,0.9464995414246408,0.0033950268915547976,0.943104514533086,0.943104514533086,0.9463025467934949,0.9463025467934949,0.9463025467934949,0.9463025467934949,0.943104514533086,0.943104514533086,0.9463025467934949,0.9463025467934949,0.9463025467934949,0.9463025467934949,0.9464995414246408,0.9464995414246408,0.9464995414246408,0.9464995414246408,0.9464995414246408,0.9464995414246408,0.9464995414246408,0.9464995414246408,0.9464995414246408,0.9464995414246408,0.9464995414246408,0.9464995414246408,0.9464995414246408,0.9464995414246408,0.9464995414246408,0.9464995414246408,0.9464995414246408,0.9464995414246408
TCGA_DU_8163_19961119_16,0.8614958448753463,0.8724507431731766,0.010954898297830362,0.8614958448753463,0.8614958448753463,0.8724507431731766,0.8724507431731766,0.8724507431731766,0.8724507431731766,0.8614958448753463,0.8614958448753463,0.8724507431731766,0.8724507431731766,0.8724507431731766,0.8724507431731766,0.8614958448753463,0.8614958448753463,0.8724507431731766,0.8724507431731766,0.8724507431731766,0.8724507431731766,0.8614958448753463,0.8614958448753463,0.8724507431731766,0.8724507431731766,0.8724507431731766,0.8724507431731766,0.8614958448753463,0.8614958448753463,0.8724507431731766,0.8724507431731766,0.8724507431731766,0.8724507431731766
TCGA_DU_8164_19970111_22,0.9264935064935065,0.9264935064935065,0.0,0.9264935064935065,0.9264935064935065,0.9264935064935065,0.9264935064935065,0.9264935064935065,0.9264935064935065,0.9264935064935065,0.9264935064935065,0.9264935064935065,0.9264935064935065,0.9264935064935065,0.9264935064935065,0.9264935064935065,0.9264935064935065,0.9264935064935065,0.9264935064935065,0.9264935064935065,0.9264935064935065,0.9264935064935065,0.9264935064935065,0.9264935064935065,0.9264935064935065,0.9264935064935065,0.9264935064935065,0.9264935064935065,0.9264935064935065,0.9264935064935065,0.9264935064935065,0.9264935064935065,0.9264935064935065
TCGA_DU_8165_19970205_14,0.7451984635083226,0.7451984635083226,0.0,0.7451984635083226,0.7451984635083226,0.7451984635083226,0.7451984635083226,0.7451984635083226,0.7451984635083226,0.7451984635083226,0.7451984635083226,0.7451984635083226,0.7451984635083226,0.7451984635083226,0.7451984635083226,0.7451984635083226,0.7451984635083226,0.7451984635083226,0.7451984635083226,0.7451984635083226,0.7451984635083226,0.7451984635083226,0.7451984635083226,0.7451984635083226,0.7451984635083226,0.7451984635083226,0.7451984635083226,0.7451984635083226,0.7451984635083226,0.7451984635083226,0.7451984635083226,0.7451984635083226,0.7451984635083226
TCGA_DU_8166_19970322_25,0.8701398493929614,0.8701398493929614,0.0,0.8701398493929614,0.8701398493929614,0.8701398493929614,0.8701398493929614,0.8701398493929614,0.8701398493929614,0.8701398493929614,0.8701398493929614,0.8701398493929614,0.8701398493929614,0.8701398493929614,0.8701398493929614,0.8701398493929614,0.8701398493929614,0.8701398493929614,0.8701398493929614,0.8701398493929614,0.8701398493929614,0.8701398493929614,0.8701398493929614,0.8701398493929614,0.8701398493929614,0.8701398493929614,0.8701398493929614,0.8701398493929614,0.8701398493929614,0.8701398493929614,0.8701398493929614,0.8701398493929614,0.8701398493929614
TCGA_DU_8167_19970402_19,0.39036372224846483,0.7065160729800174,0.31615235073155257,0.39036372224846483,0.7045098380637298,0.7045098380637298,0.7045098380637298,0.7065160729800174,0.7065160729800174,0.39036372224846483,0.7045098380637298,0.7045098380637298,0.7045098380637298,0.7065160729800174,0.7065160729800174,0.39036372224846483,0.7045098380637298,0.7045098380637298,0.7045098380637298,0.7065160729800174,0.7065160729800174,0.39036372224846483,0.7045098380637298,0.7045098380637298,0.7045098380637298,0.7065160729800174,0.7065160729800174,0.39036372224846483,0.7045098380637298,0.7045098380637298,0.7045098380637298,0.7065160729800174,0.7065160729800174
TCGA_DU_8168_19970503_20,0.9292165898617512,0.929229635090306,1.3045228554831034e-05,0.9292165898617512,0.9292165898617512,0.9292165898617512,0.9292165898617512,0.9292165898617512,0.9292165898617512,0.9292165898617512,0.9292165898617512,0.9292165898617512,0.9292165898617512,0.9292165898617512,0.9292165898617512,0.929229635090306,0.929229635090306,0.929229635090306,0.929229635090306,0.929229635090306,0.929229635090306,0.929229635090306,0.929229635090306,0.929229635090306,0.929229635090306,0.929229635090306,0.929229635090306,0.929229635090306,0.929229635090306,0.929229635090306,0.929229635090306,0.929229635090306,0.929229635090306
TCGA_DU_A5TP_19970614_27,0.9401421623643846,0.9401421623643846,0.0,0.9401421623643846,0.9401421623643846,0.9401421623643846,0.9401421623643846,0.9401421623643846,0.9401421623643846,0.9401421623643846,0.9401421623643846,0.9401421623643846,0.9401421623643846,0.9401421623643846,0.9401421623643846,0.9401421623643846,0.9401421623643846,0.9401421623643846,0.9401421623643846,0.9401421623643846,0.9401421623643846,0.9401421623643846,0.9401421623643846,0.9401421623643846,0.9401421623643846,0.9401421623643846,0.9401421623643846,0.9401421623643846,0.9401421623643846,0.9401421623643846,0.9401421623643846,0.9401421623643846,0.9401421623643846
TCGA_DU_A5TR_19970726_19,0.8916261256598695,0.8921578783797783,0.0005317527199087957,0.8916261256598695,0.8916261256598695,0.8916261256598695,0.8916261256598695,0.8916261256598695,0.8916261256598695,0.8921578783797783,0.8921578783797783,0.8921578783797783,0.8921578783797783,0.8921578783797783,0.8921578783797783,0.8921578783797783,0.8921578783797783,0.8921578783797783,0.8921578783797783,0.8921578783797783,0.8921578783797783,0.8921578783797783,0.8921578783797783,0.8921578783797783,0.8921578783797783,0.8921578783797783,0.8921578783797783,0.8921578783797783,0.8921578783797783,0.8921578783797783,0.8921578783797783,0.8921578783797783,0.8921578783797783
TCGA_DU_A5TS_19970726_16,0.9025667888947093,0.9234855191602378,0.020918730265528485,0.9025667888947093,0.9025667888947093,0.9025667888947093,0.9025667888947093,0.9025667888947093,0.9025667888947093,0.9150967741935484,0.9150967741935484,0.9150967741935484,0.9150967741935484,0.9150967741935484,0.9150967741935484,0.9234855191602378,0.9234855191602378,0.9234855191602378,0.9234855191602378,0.9234855191602378,0.9234855191602378,0.9234855191602378,0.9234855191602378,0.9234855191602378,0.9234855191602378,0.9234855191602378,0.9234855191602378,0.9234855191602378,0.9234855191602378,0.9234855191602378,0.9234855191602378,0.9234855191602378,0.9234855191602378
TCGA_DU_A5TT_19980318_49,0.0,0.9359898261975413,0.9359898261975413,0.0,0.9171029668411868,0.9359355112431056,0.9359355112431056,0.9359355112431056,0.9359355112431056,0.9337298215802888,0.9337298215802888,0.9359355112431056,0.9359355112431056,0.9359355112431056,0.9359355112431056,0.9359898261975413,0.9359898261975413,0.9359898261975413,0.9359898261975413,0.9359898261975413,0.9359898261975413,0.9359898261975413,0.9359898261975413,0.9359898261975413,0.9359898261975413,0.9359898261975413,0.9359898261975413,0.9359898261975413,0.9359898261975413,0.9359898261975413,0.9359898261975413,0.9359898261975413,0.9359898261975413
TCGA_DU_A5TU_19980312_16,0.8730444045003661,0.8742744063324538,0.0012300018320876571,0.8730444045003661,0.8742744063324538,0.8742744063324538,0.8742744063324538,0.8742744063324538,0.8742744063324538,0.8730444045003661,0.8742744063324538,0.8742744063324538,0.8742744063324538,0.8742744063324538,0.8742744063324538,0.8730444045003661,0.8742744063324538,0.8742744063324538,0.8742744063324538,0.8742744063324538,0.8742744063324538,0.8730444045003661,0.8742744063324538,0.8742744063324538,0.8742744063324538,0.8742744063324538,0.8742744063324538,0.8730444045003661,0.8742744063324538,0.8742744063324538,0.8742744063324538,0.8742744063324538,0.8742744063324538
TCGA_DU_A5TW_19980228_23,0.9523368810735771,0.9530450953045095,0.0007082142309324801,0.9523368810735771,0.9523368810735771,0.9523368810735771,0.9523368810735771,0.9523368810735771,0.9523368810735771,0.9523368810735771,0.9523368810735771,0.9523368810735771,0.9523368810735771,0.9523368810735771,0.9523368810735771,0.9530450953045095,0.9530450953045095,0.9530450953045095,0.9530450953045095,0.9530450953045095,0.9530450953045095,0.9530450953045095,0.9530450953045095,0.9530450953045095,0.9530450953045095,0.9530450953045095,0.9530450953045095,0.9530450953045095,0.9530450953045095,0.9530450953045095,0.9530450953045095,0.9530450953045095,0.9530450953045095
TCGA_DU_A5TY_19970709_25,0.8958147818343722,0.8981880931837791,0.0023733113494068814,0.8958147818343722,0.8981880931837791,0.8981880931837791,0.8981880931837791,0.8981880931837791,0.8981880931837791,0.8958147818343722,0.8981880931837791,0.8981880931837791,0.8981880931837791,0.8981880931837791,0.8981880931837791,0.8958147818343722,0.8981880931837791,0.8981880931837791,0.8981880931837791,0.8981880931837791,0.8981880931837791,0.8958147818343722,0.8981880931837791,0.8981880931837791,0.8981880931837791,0.8981880931837791,0.8981880931837791,0.8958147818343722,0.8981880931837791,0.8981880931837791,0.8981880931837791,0.8981880931837791,0.8981880931837791
TCGA_EZ_7264_20010816_19,0.9511084117825691,0.9511084117825691,0.0,0.9511084117825691,0.9511084117825691,0.9511084117825691,0.9511084117825691,0.9511084117825691,0.9511084117825691,0.9511084117825691,0.9511084117825691,0.9511084117825691,0.9511084117825691,0.9511084117825691,0.9511084117825691,0.9511084117825691,0.9511084117825691,0.9511084117825691,0.9511084117825691,0.9511084117825691,0.9511084117825691,0.9511084117825691,0.9511084117825691,0.9511084117825691,0.9511084117825691,0.9511084117825691,0.9511084117825691,0.9511084117825691,0.9511084117825691,0.9511084117825691,0.9511084117825691,0.9511084117825691,0.9511084117825691
TCGA_FG_5962_20000626_28,0.9598335733717395,0.9598335733717395,0.0,0.9598335733717395,0.9598335733717395,0.9598335733717395,0.9598335733717395,0.9598335733717395,0.9598335733717395,0.9598335733717395,0.9598335733717395,0.9598335733717395,0.9598335733717395,0.9598335733717395,0.9598335733717395,0.9598335733717395,0.9598335733717395,0.9598335733717395,0.9598335733717395,0.9598335733717395,0.9598335733717395,0.9598335733717395,0.9598335733717395,0.9598335733717395,0.9598335733717395,0.9598335733717395,0.9598335733717395,0.9598335733717395,0.9598335733717395,0.9598335733717395,0.9598335733717395,0.9598335733717395,0.9598335733717395
TCGA_FG_5964_20010511_14,0.9596832253419726,0.9596832253419726,0.0,0.9596832253419726,0.9596832253419726,0.9596832253419726,0.9596832253419726,0.9596832253419726,0.9596832253419726,0.9596832253419726,0.9596832253419726,0.9596832253419726,0.9596832253419726,0.9596832253419726,0.9596832253419726,0.9596832253419726,0.9596832253419726,0.9596832253419726,0.9596832253419726,0.9596832253419726,0.9596832253419726,0.9596832253419726,0.9596832253419726,0.9596832253419726,0.9596832253419726,0.9596832253419726,0.9596832253419726,0.9596832253419726,0.9596832253419726,0.9596832253419726,0.9596832253419726,0.9596832253419726,0.9596832253419726
TCGA_FG_6688_20020215_27,0.9147524247064829,0.9306832298136646,0.0159308051071817,0.9147524247064829,0.9224865694551037,0.9306832298136646,0.9306832298136646,0.9306832298136646,0.9306832298136646,0.9147524247064829,0.9224865694551037,0.9306832298136646,0.9306832298136646,0.9306832298136646,0.9306832298136646,0.9147524247064829,0.9224865694551037,0.9306832298136646,0.9306832298136646,0.9306832298136646,0.9306832298136646,0.9147524247064829,0.9224865694551037,0.9306832298136646,0.9306832298136646,0.9306832298136646,0.9306832298136646,0.9147524247064829,0.9224865694551037,0.9306832298136646,0.9306832298136646,0.9306832298136646,0.9306832298136646
TCGA_FG_6689_20020326_30,0.9591674925668979,0.9598174422065681,0.0006499496396701332,0.9591674925668979,0.9591674925668979,0.9591674925668979,0.9591674925668979,0.9591674925668979,0.9591674925668979,0.9591674925668979,0.9591674925668979,0.9591674925668979,0.9591674925668979,0.9591674925668979,0.9591674925668979,0.9591674925668979,0.9591674925668979,0.9591674925668979,0.9591674925668979,0.9591674925668979,0.9591674925668979,0.9598174422065681,0.9598174422065681,0.9598174422065681,0.9598174422065681,0.9598174422065681,0.9598174422065681,0.9598174422065681,0.9598174422065681,0.9598174422065681,0.9598174422065681,0.9598174422065681,0.9598174422065681
TCGA_FG_6690_20020226_32,0.9547511312217195,0.95483288166215,8.175044043046142e-05,0.9547511312217195,0.95483288166215,0.95483288166215,0.95483288166215,0.95483288166215,0.95483288166215,0.9547511312217195,0.95483288166215,0.95483288166215,0.95483288166215,0.95483288166215,0.95483288166215,0.9547511312217195,0.95483288166215,0.95483288166215,0.95483288166215,0.95483288166215,0.95483288166215,0.9547511312217195,0.95483288166215,0.95483288166215,0.95483288166215,0.95483288166215,0.95483288166215,0.9547511312217195,0.95483288166215,0.95483288166215,0.95483288166215,0.95483288166215,0.95483288166215
TCGA_FG_6691_20020405_26,0.968609865470852,0.968609865470852,0.0,0.968609865470852,0.968609865470852,0.968609865470852,0.968609865470852,0.968609865470852,0.968609865470852,0.968609865470852,0.968609865470852,0.968609865470852,0.968609865470852,0.968609865470852,0.968609865470852,0.968609865470852,0.968609865470852,0.968609865470852,0.968609865470852,0.968609865470852,0.968609865470852,0.968609865470852,0.968609865470852,0.968609865470852,0.968609865470852,0.968609865470852,0.968609865470852,0.968609865470852,0.968609865470852,0.968609865470852,0.968609865470852,0.968609865470852,0.968609865470852
TCGA_FG_6692_20020606_19,0.9176005273566249,0.9199731002017485,0.0023725728451235994,0.9176005273566249,0.9199731002017485,0.9199731002017485,0.9199731002017485,0.9199731002017485,0.9199731002017485,0.9177718832891246,0.9199731002017485,0.9199731002017485,0.9199731002017485,0.9199731002017485,0.9199731002017485,0.9177718832891246,0.9199731002017485,0.9199731002017485,0.9199731002017485,0.9199731002017485,0.9199731002017485,0.9177718832891246,0.9199731002017485,0.9199731002017485,0.9199731002017485,0.9199731002017485,0.9199731002017485,0.9177718832891246,0.9199731002017485,0.9199731002017485,0.9199731002017485,0.9199731002017485,0.9199731002017485
TCGA_FG_7634_20000128_23,0.9518872509314757,0.9518872509314757,0.0,0.9518872509314757,0.9518872509314757,0.9518872509314757,0.9518872509314757,0.9518872509314757,0.9518872509314757,0.9518872509314757,0.9518872509314757,0.9518872509314757,0.9518872509314757,0.9518872509314757,0.9518872509314757,0.9518872509314757,0.9518872509314757,0.9518872509314757,0.9518872509314757,0.9518872509314757,0.9518872509314757,0.9518872509314757,0.9518872509314757,0.9518872509314757,0.9518872509314757,0.9518872509314757,0.9518872509314757,0.9518872509314757,0.9518872509314757,0.9518872509314757,0.9518872509314757,0.9518872509314757,0.9518872509314757
TCGA_FG_7637_20000922_21,0.955824790307549,0.955824790307549,0.0,0.955824790307549,0.955824790307549,0.955824790307549,0.955824790307549,0.955824790307549,0.955824790307549,0.955824790307549,0.955824790307549,0.955824790307549,0.955824790307549,0.955824790307549,0.955824790307549,0.955824790307549,0.955824790307549,0.955824790307549,0.955824790307549,0.955824790307549,0.955824790307549,0.955824790307549,0.955824790307549,0.955824790307549,0.955824790307549,0.955824790307549,0.955824790307549,0.955824790307549,0.955824790307549,0.955824790307549,0.955824790307549,0.955824790307549,0.955824790307549
TCGA_FG_7643_20021104_26,0.9516380655226209,0.9518886679920477,0.0002506024694268749,0.9516380655226209,0.9518886679920477,0.9518886679920477,0.9518886679920477,0.9518886679920477,0.9518886679920477,0.9516380655226209,0.9518886679920477,0.9518886679920477,0.9518886679920477,0.9518886679920477,0.9518886679920477,0.9516380655226209,0.9518886679920477,0.9518886679920477,0.9518886679920477,0.9518886679920477,0.9518886679920477,0.9516380655226209,0.9518886679920477,0.9518886679920477,0.9518886679920477,0.9518886679920477,0.9518886679920477,0.9516380655226209,0.9518886679920477,0.9518886679920477,0.9518886679920477,0.9518886679920477,0.9518886679920477
TCGA_FG_8189_20030516_25,0.9395161290322581,0.9395313681027967,1.5239070538575206e-05,0.9395161290322581,0.9395161290322581,0.9395161290322581,0.9395161290322581,0.9395161290322581,0.9395161290322581,0.9395161290322581,0.9395161290322581,0.9395161290322581,0.9395161290322581,0.9395161290322581,0.9395161290322581,0.9395161290322581,0.9395161290322581,0.9395161290322581,0.9395161290322581,0.9395161290322581,0.9395161290322581,0.9395313681027967,0.9395313681027967,0.9395313681027967,0.9395313681027967,0.9395313681027967,0.9395313681027967,0.9395313681027967,0.9395313681027967,0.9395313681027967,0.9395313681027967,0.9395313681027967,0.9395313681027967
TCGA_FG_A4MT_20020212_16,0.9582893347412883,0.9623398472887278,0.004050512547439489,0.9582893347412883,0.9620649198279233,0.9623398472887278,0.9623398472887278,0.9623398472887278,0.9623398472887278,0.9582893347412883,0.9620649198279233,0.9623398472887278,0.9623398472887278,0.9623398472887278,0.9623398472887278,0.9582893347412883,0.9620649198279233,0.9623398472887278,0.9623398472887278,0.9623398472887278,0.9623398472887278,0.9582893347412883,0.9620649198279233,0.9623398472887278,0.9623398472887278,0.9623398472887278,0.9623398472887278,0.9582893347412883,0.9620649198279233,0.9623398472887278,0.9623398472887278,0.9623398472887278,0.9623398472887278
TCGA_FG_A4MU_20030903_16,0.9547758034511514,0.955830950111217,0.0010551466600655646,0.9547758034511514,0.9547758034511514,0.955830950111217,0.955830950111217,0.955830950111217,0.955830950111217,0.9547758034511514,0.9547758034511514,0.955830950111217,0.955830950111217,0.955830950111217,0.955830950111217,0.9547758034511514,0.9547758034511514,0.955830950111217,0.955830950111217,0.955830950111217,0.955830950111217,0.9547758034511514,0.9547758034511514,0.955830950111217,0.955830950111217,0.955830950111217,0.955830950111217,0.9547758034511514,0.9547758034511514,0.955830950111217,0.955830950111217,0.955830950111217,0.955830950111217
TCGA_FG_A60K_20040224_47,0.8160291438979964,0.8160291438979964,0.0,0.8160291438979964,0.8160291438979964,0.8160291438979964,0.8160291438979964,0.8160291438979964,0.8160291438979964,0.8160291438979964,0.8160291438979964,0.8160291438979964,0.8160291438979964,0.8160291438979964,0.8160291438979964,0.8160291438979964,0.8160291438979964,0.8160291438979964,0.8160291438979964,0.8160291438979964,0.8160291438979964,0.8160291438979964,0.8160291438979964,0.8160291438979964,0.8160291438979964,0.8160291438979964,0.8160291438979964,0.8160291438979964,0.8160291438979964,0.8160291438979964,0.8160291438979964,0.8160291438979964,0.8160291438979964
TCGA_HT_7473_19970826_16,0.8711261642675698,0.8711261642675698,0.0,0.8711261642675698,0.8711261642675698,0.8711261642675698,0.8711261642675698,0.8711261642675698,0.8711261642675698,0.8711261642675698,0.8711261642675698,0.8711261642675698,0.8711261642675698,0.8711261642675698,0.8711261642675698,0.8711261642675698,0.8711261642675698,0.8711261642675698,0.8711261642675698,0.8711261642675698,0.8711261642675698,0.8711261642675698,0.8711261642675698,0.8711261642675698,0.8711261642675698,0.8711261642675698,0.8711261642675698,0.8711261642675698,0.8711261642675698,0.8711261642675698,0.8711261642675698,0.8711261642675698,0.8711261642675698
TCGA_HT_7475_19970918_24,0.9504916920990166,0.952046783625731,0.0015550915267144028,0.9504916920990166,0.952046783625731,0.952046783625731,0.952046783625731,0.952046783625731,0.952046783625731,0.9504916920990166,0.952046783625731,0.952046783625731,0.952046783625731,0.952046783625731,0.952046783625731,0.9514531043593131,0.952046783625731,0.952046783625731,0.952046783625731,0.952046783625731,0.952046783625731,0.9514531043593131,0.952046783625731,0.952046783625731,0.952046783625731,0.952046783625731,0.952046783625731,0.9514531043593131,0.952046783625731,0.952046783625731,0.952046783625731,0.952046783625731,0.952046783625731
TCGA_HT_7602_19951103_9,0.8908523908523909,0.8908523908523909,0.0,0.8908523908523909,0.8908523908523909,0.8908523908523909,0.8908523908523909,0.8908523908523909,0.8908523908523909,0.8908523908523909,0.8908523908523909,0.8908523908523909,0.8908523908523909,0.8908523908523909,0.8908523908523909,0.8908523908523909,0.8908523908523909,0.8908523908523909,0.8908523908523909,0.8908523908523909,0.8908523908523909,0.8908523908523909,0.8908523908523909,0.8908523908523909,0.8908523908523909,0.8908523908523909,0.8908523908523909,0.8908523908523909,0.8908523908523909,0.8908523908523909,0.8908523908523909,0.8908523908523909,0.8908523908523909
TCGA_HT_7605_19950916_27,0.9509911894273128,0.959291055109388,0.008299865682075191,0.9509911894273128,0.9577619308831596,0.9590254706533776,0.9590254706533776,0.959291055109388,0.959291055109388,0.9509911894273128,0.9577619308831596,0.9590254706533776,0.9590254706533776,0.959291055109388,0.959291055109388,0.9509911894273128,0.9577619308831596,0.9590254706533776,0.9590254706533776,0.959291055109388,0.959291055109388,0.9509911894273128,0.9577619308831596,0.9590254706533776,0.9590254706533776,0.959291055109388,0.959291055109388,0.9509911894273128,0.9577619308831596,0.9590254706533776,0.9590254706533776,0.959291055109388,0.959291055109388
TCGA_HT_7608_19940304_19,0.9112570983186727,0.9112570983186727,0.0,0.9112570983186727,0.9112570983186727,0.9112570983186727,0.9112570983186727,0.9112570983186727,0.9112570983186727,0.9112570983186727,0.9112570983186727,0.9112570983186727,0.9112570983186727,0.9112570983186727,0.9112570983186727,0.9112570983186727,0.9112570983186727,0.9112570983186727,0.9112570983186727,0.9112570983186727,0.9112570983186727,0.9112570983186727,0.9112570983186727,0.9112570983186727,0.9112570983186727,0.9112570983186727,0.9112570983186727,0.9112570983186727,0.9112570983186727,0.9112570983186727,0.9112570983186727,0.9112570983186727,0.9112570983186727
TCGA_HT_7616_19940813_19,0.7448831587429492,0.7448831587429492,0.0,0.7448831587429492,0.7448831587429492,0.7448831587429492,0.7448831587429492,0.7448831587429492,0.7448831587429492,0.7448831587429492,0.7448831587429492,0.7448831587429492,0.7448831587429492,0.7448831587429492,0.7448831587429492,0.7448831587429492,0.7448831587429492,0.7448831587429492,0.7448831587429492,0.7448831587429492,0.7448831587429492,0.7448831587429492,0.7448831587429492,0.7448831587429492,0.7448831587429492,0.7448831587429492,0.7448831587429492,0.7448831587429492,0.7448831587429492,0.7448831587429492,0.7448831587429492,0.7448831587429492,0.7448831587429492
TCGA_HT_7680_19970202_6,0.8092566619915849,0.8100358422939068,0.0007791803023219357,0.8092566619915849,0.8092566619915849,0.8092566619915849,0.8092566619915849,0.8092566619915849,0.8092566619915849,0.8100358422939068,0.8100358422939068,0.8100358422939068,0.8100358422939068,0.8100358422939068,0.8100358422939068,0.8100358422939068,0.8100358422939068,0.8100358422939068,0.8100358422939068,0.8100358422939068,0.8100358422939068,0.8100358422939068,0.8100358422939068,0.8100358422939068,0.8100358422939068,0.8100358422939068,0.8100358422939068,0.8100358422939068,0.8100358422939068,0.8100358422939068,0.8100358422939068,0.8100358422939068,0.8100358422939068
TCGA_HT_7684_19950816_17,0.9704407022572554,0.9704407022572554,0.0,0.9704407022572554,0.9704407022572554,0.9704407022572554,0.9704407022572554,0.9704407022572554,0.9704407022572554,0.9704407022572554,0.9704407022572554,0.9704407022572554,0.9704407022572554,0.9704407022572554,0.9704407022572554,0.9704407022572554,0.9704407022572554,0.9704407022572554,0.9704407022572554,0.9704407022572554,0.9704407022572554,0.9704407022572554,0.9704407022572554,0.9704407022572554,0.9704407022572554,0.9704407022572554,0.9704407022572554,0.9704407022572554,0.9704407022572554,0.9704407022572554,0.9704407022572554,0.9704407022572554,0.9704407022572554
TCGA_HT_7686_19950629_13,0.9560092612081666,0.9580658964484382,0.0020566352402715538,0.9560092612081666,0.9560092612081666,0.9580658964484382,0.9580658964484382,0.9580658964484382,0.9580658964484382,0.9560092612081666,0.9560092612081666,0.9580658964484382,0.9580658964484382,0.9580658964484382,0.9580658964484382,0.9560092612081666,0.9560092612081666,0.9580658964484382,0.9580658964484382,0.9580658964484382,0.9580658964484382,0.9560092612081666,0.9560092612081666,0.9580658964484382,0.9580658964484382,0.9580658964484382,0.9580658964484382,0.9560092612081666,0.9560092612081666,0.9580658964484382,0.9580658964484382,0.9580658964484382,0.9580658964484382
TCGA_HT_7690_19960312_16,0.9798702751062403,0.9798702751062403,0.0,0.9798702751062403,0.9798702751062403,0.9798702751062403,0.9798702751062403,0.9798702751062403,0.9798702751062403,0.9798702751062403,0.9798702751062403,0.9798702751062403,0.9798702751062403,0.9798702751062403,0.9798702751062403,0.9798702751062403,0.9798702751062403,0.9798702751062403,0.9798702751062403,0.9798702751062403,0.9798702751062403,0.9798702751062403,0.9798702751062403,0.9798702751062403,0.9798702751062403,0.9798702751062403,0.9798702751062403,0.9798702751062403,0.9798702751062403,0.9798702751062403,0.9798702751062403,0.9798702751062403,0.9798702751062403
TCGA_HT_7692_19960724_18,0.8788075178224238,0.8788075178224238,0.0,0.8788075178224238,0.8788075178224238,0.8788075178224238,0.8788075178224238,0.8788075178224238,0.8788075178224238,0.8788075178224238,0.8788075178224238,0.8788075178224238,0.8788075178224238,0.8788075178224238,0.8788075178224238,0.8788075178224238,0.8788075178224238,0.8788075178224238,0.8788075178224238,0.8788075178224238,0.8788075178224238,0.8788075178224238,0.8788075178224238,0.8788075178224238,0.8788075178224238,0.8788075178224238,0.8788075178224238,0.8788075178224238,0.8788075178224238,0.8788075178224238,0.8788075178224238,0.8788075178224238,0.8788075178224238
TCGA_HT_7693_19950520_14,0.9723177723177723,0.9726004922067268,0.00028271988895456346,0.9723177723177723,0.9723177723177723,0.9723177723177723,0.9723177723177723,0.9723177723177723,0.9723177723177723,0.9723177723177723,0.9723177723177723,0.9723177723177723,0.9723177723177723,0.9723177723177723,0.9723177723177723,0.9726004922067268,0.9726004922067268,0.9726004922067268,0.9726004922067268,0.9726004922067268,0.9726004922067268,0.9726004922067268,0.9726004922067268,0.9726004922067268,0.9726004922067268,0.9726004922067268,0.9726004922067268,0.9726004922067268,0.9726004922067268,0.9726004922067268,0.9726004922067268,0.9726004922067268,0.9726004922067268
TCGA_HT_7694_19950404_14,0.9752529182879377,0.9752529182879377,0.0,0.9752529182879377,0.9752529182879377,0.9752529182879377,0.9752529182879377,0.9752529182879377,0.9752529182879377,0.9752529182879377,0.9752529182879377,0.9752529182879377,0.9752529182879377,0.9752529182879377,0.9752529182879377,0.9752529182879377,0.9752529182879377,0.9752529182879377,0.9752529182879377,0.9752529182879377,0.9752529182879377,0.9752529182879377,0.9752529182879377,0.9752529182879377,0.9752529182879377,0.9752529182879377,0.9752529182879377,0.9752529182879377,0.9752529182879377,0.9752529182879377,0.9752529182879377,0.9752529182879377,0.9752529182879377
TCGA_HT_7855_19951020_11,0.9477512640823206,0.9484169334756315,0.0006656693933109192,0.9477512640823206,0.9477512640823206,0.9477512640823206,0.9477512640823206,0.9477512640823206,0.9477512640823206,0.9477512640823206,0.9477512640823206,0.9477512640823206,0.9477512640823206,0.9477512640823206,0.9477512640823206,0.9484169334756315,0.9484169334756315,0.9484169334756315,0.9484169334756315,0.9484169334756315,0.9484169334756315,0.9484169334756315,0.9484169334756315,0.9484169334756315,0.9484169334756315,0.9484169334756315,0.9484169334756315,0.9484169334756315,0.9484169334756315,0.9484169334756315,0.9484169334756315,0.9484169334756315,0.9484169334756315
TCGA_HT_7856_19950831_20,0.9651517873181247,0.9651517873181247,0.0,0.9651517873181247,0.9651517873181247,0.9651517873181247,0.9651517873181247,0.9651517873181247,0.9651517873181247,0.9651517873181247,0.9651517873181247,0.9651517873181247,0.9651517873181247,0.9651517873181247,0.9651517873181247,0.9651517873181247,0.9651517873181247,0.9651517873181247,0.9651517873181247,0.9651517873181247,0.9651517873181247,0.9651517873181247,0.9651517873181247,0.9651517873181247,0.9651517873181247,0.9651517873181247,0.9651517873181247,0.9651517873181247,0.9651517873181247,0.9651517873181247,0.9651517873181247,0.9651517873181247,0.9651517873181247
TCGA_HT_7860_19960513_15,0.928157072735386,0.928157072735386,0.0,0.928157072735386,0.928157072735386,0.928157072735386,0.928157072735386,0.928157072735386,0.928157072735386,0.928157072735386,0.928157072735386,0.928157072735386,0.928157072735386,0.928157072735386,0.928157072735386,0.928157072735386,0.928157072735386,0.928157072735386,0.928157072735386,0.928157072735386,0.928157072735386,0.928157072735386,0.928157072735386,0.928157072735386,0.928157072735386,0.928157072735386,0.928157072735386,0.928157072735386,0.928157072735386,0.928157072735386,0.928157072735386,0.928157072735386,0.928157072735386
TCGA_HT_7874_19950902_10,0.9295302013422819,0.9346417330124052,0.005111531670123237,0.9295302013422819,0.9336030899393047,0.9336030899393047,0.9336030899393047,0.9346417330124052,0.9346417330124052,0.9295302013422819,0.9336030899393047,0.9336030899393047,0.9336030899393047,0.9346417330124052,0.9346417330124052,0.9295302013422819,0.9336030899393047,0.9336030899393047,0.9336030899393047,0.9346417330124052,0.9346417330124052,0.9295302013422819,0.9336030899393047,0.9336030899393047,0.9336030899393047,0.9346417330124052,0.9346417330124052,0.9295302013422819,0.9336030899393047,0.9336030899393047,0.9336030899393047,0.9346417330124052,0.9346417330124052
TCGA_HT_7877_19980917_23,0.8997744118594908,0.9012658227848102,0.0014914109253193475,0.8997744118594908,0.8997744118594908,0.8997744118594908,0.8997744118594908,0.8997744118594908,0.8997744118594908,0.8997744118594908,0.8997744118594908,0.8997744118594908,0.8997744118594908,0.8997744118594908,0.8997744118594908,0.9012658227848102,0.9012658227848102,0.9012658227848102,0.9012658227848102,0.9012658227848102,0.9012658227848102,0.9012658227848102,0.9012658227848102,0.9012658227848102,0.9012658227848102,0.9012658227848102,0.9012658227848102,0.9012658227848102,0.9012658227848102,0.9012658227848102,0.9012658227848102,0.9012658227848102,0.9012658227848102
TCGA_HT_7879_19981009_13,0.9001965494649486,0.9034103410341034,0.0032137915691548002,0.9001965494649486,0.9001965494649486,0.9001965494649486,0.9001965494649486,0.9001965494649486,0.9001965494649486,0.9001965494649486,0.9001965494649486,0.9001965494649486,0.9001965494649486,0.9001965494649486,0.9001965494649486,0.9001965494649486,0.9001965494649486,0.9001965494649486,0.9001965494649486,0.9001965494649486,0.9001965494649486,0.9006564551422319,0.9006564551422319,0.9006564551422319,0.9006564551422319,0.9006564551422319,0.9006564551422319,0.9034103410341034,0.9034103410341034,0.9034103410341034,0.9034103410341034,0.9034103410341034,0.9034103410341034
TCGA_HT_7881_19981015_31,0.9221772379667117,0.9221772379667117,0.0,0.9221772379667117,0.9221772379667117,0.9221772379667117,0.9221772379667117,0.9221772379667117,0.9221772379667117,0.9221772379667117,0.9221772379667117,0.9221772379667117,0.9221772379667117,0.9221772379667117,0.9221772379667117,0.9221772379667117,0.9221772379667117,0.9221772379667117,0.9221772379667117,0.9221772379667117,0.9221772379667117,0.9221772379667117,0.9221772379667117,0.9221772379667117,0.9221772379667117,0.9221772379667117,0.9221772379667117,0.9221772379667117,0.9221772379667117,0.9221772379667117,0.9221772379667117,0.9221772379667117,0.9221772379667117
TCGA_HT_7882_19970125_19,0.8237770358542604,0.8237770358542604,0.0,0.8237770358542604,0.8237770358542604,0.8237770358542604,0.8237770358542604,0.8237770358542604,0.8237770358542604,0.8237770358542604,0.8237770358542604,0.8237770358542604,0.8237770358542604,0.8237770358542604,0.8237770358542604,0.8237770358542604,0.8237770358542604,0.8237770358542604,0.8237770358542604,0.8237770358542604,0.8237770358542604,0.8237770358542604,0.8237770358542604,0.8237770358542604,0.8237770358542604,0.8237770358542604,0.8237770358542604,0.8237770358542604,0.8237770358542604,0.8237770358542604,0.8237770358542604,0.8237770358542604,0.8237770358542604
TCGA_HT_7884_19980913_9,0.9572829131652661,0.957960027567195,0.0006771144019288577,0.9572829131652661,0.9572829131652661,0.9572829131652661,0.9572829131652661,0.957960027567195,0.957960027567195,0.9572829131652661,0.9572829131652661,0.9572829131652661,0.9572829131652661,0.957960027567195,0.957960027567195,0.9572829131652661,0.9572829131652661,0.9572829131652661,0.9572829131652661,0.957960027567195,0.957960027567195,0.9572829131652661,0.9572829131652661,0.9572829131652661,0.9572829131652661,0.957960027567195,0.957960027567195,0.9572829131652661,0.9572829131652661,0.9572829131652661,0.9572829131652661,0.957960027567195,0.957960027567195
TCGA_HT_8018_19970411_9,0.9299363057324841,0.9403600086749079,0.010423702942423785,0.9299363057324841,0.9403600086749079,0.9403600086749079,0.9403600086749079,0.9403600086749079,0.9403600086749079,0.9299501192799826,0.9403600086749079,0.9403600086749079,0.9403600086749079,0.9403600086749079,0.9403600086749079,0.9299501192799826,0.9403600086749079,0.9403600086749079,0.9403600086749079,0.9403600086749079,0.9403600086749079,0.9299501192799826,0.9403600086749079,0.9403600086749079,0.9403600086749079,0.9403600086749079,0.9403600086749079,0.9299501192799826,0.9403600086749079,0.9403600086749079,0.9403600086749079,0.9403600086749079,0.9403600086749079
TCGA_HT_8105_19980826_21,0.969413186315233,0.969413186315233,0.0,0.969413186315233,0.969413186315233,0.969413186315233,0.969413186315233,0.969413186315233,0.969413186315233,0.969413186315233,0.969413186315233,0.969413186315233,0.969413186315233,0.969413186315233,0.969413186315233,0.969413186315233,0.969413186315233,0.969413186315233,0.969413186315233,0.969413186315233,0.969413186315233,0.969413186315233,0.969413186315233,0.969413186315233,0.969413186315233,0.969413186315233,0.969413186315233,0.969413186315233,0.969413186315233,0.969413186315233,0.969413186315233,0.969413186315233,0.969413186315233
TCGA_HT_8106_19970727_15,0.858236631175978,0.858236631175978,0.0,0.858236631175978,0.858236631175978,0.858236631175978,0.858236631175978,0.858236631175978,0.858236631175978,0.858236631175978,0.858236631175978,0.858236631175978,0.858236631175978,0.858236631175978,0.858236631175978,0.858236631175978,0.858236631175978,0.858236631175978,0.858236631175978,0.858236631175978,0.858236631175978,0.858236631175978,0.858236631175978,0.858236631175978,0.858236631175978,0.858236631175978,0.858236631175978,0.858236631175978,0.858236631175978,0.858236631175978,0.858236631175978,0.858236631175978,0.858236631175978
TCGA_HT_8107_19980708_11,0.9379001280409731,0.9379001280409731,0.0,0.9379001280409731,0.9379001280409731,0.9379001280409731,0.9379001280409731,0.9379001280409731,0.9379001280409731,0.9379001280409731,0.9379001280409731,0.9379001280409731,0.9379001280409731,0.9379001280409731,0.9379001280409731,0.9379001280409731,0.9379001280409731,0.9379001280409731,0.9379001280409731,0.9379001280409731,0.9379001280409731,0.9379001280409731,0.9379001280409731,0.9379001280409731,0.9379001280409731,0.9379001280409731,0.9379001280409731,0.9379001280409731,0.9379001280409731,0.9379001280409731,0.9379001280409731,0.9379001280409731,0.9379001280409731
TCGA_HT_8111_19980330_16,0.9227178423236515,0.9227178423236515,0.0,0.9227178423236515,0.9227178423236515,0.9227178423236515,0.9227178423236515,0.9227178423236515,0.9227178423236515,0.9227178423236515,0.9227178423236515,0.9227178423236515,0.9227178423236515,0.9227178423236515,0.9227178423236515,0.9227178423236515,0.9227178423236515,0.9227178423236515,0.9227178423236515,0.9227178423236515,0.9227178423236515,0.9227178423236515,0.9227178423236515,0.9227178423236515,0.9227178423236515,0.9227178423236515,0.9227178423236515,0.9227178423236515,0.9227178423236515,0.9227178423236515,0.9227178423236515,0.9227178423236515,0.9227178423236515
TCGA_HT_8113_19930809_17,0.8900499772830531,0.8910300527643955,0.0009800754813423795,0.8900499772830531,0.8900499772830531,0.8910300527643955,0.8910300527643955,0.8910300527643955,0.8910300527643955,0.8900499772830531,0.8900499772830531,0.8910300527643955,0.8910300527643955,0.8910300527643955,0.8910300527643955,0.8900499772830531,0.8900499772830531,0.8910300527643955,0.8910300527643955,0.8910300527643955,0.8910300527643955,0.8900499772830531,0.8900499772830531,0.8910300527643955,0.8910300527643955,0.8910300527643955,0.8910300527643955,0.8900499772830531,0.8900499772830531,0.8910300527643955,0.8910300527643955,0.8910300527643955,0.8910300527643955
TCGA_HT_8114_19981030_14,0.9733474228014559,0.979611190137506,0.006263767336050052,0.9733474228014559,0.9752894831085114,0.979611190137506,0.979611190137506,0.979611190137506,0.979611190137506,0.9733474228014559,0.9752894831085114,0.979611190137506,0.979611190137506,0.979611190137506,0.979611190137506,0.9733474228014559,0.9752894831085114,0.979611190137506,0.979611190137506,0.979611190137506,0.979611190137506,0.9733474228014559,0.9752894831085114,0.979611190137506,0.979611190137506,0.979611190137506,0.979611190137506,0.9733474228014559,0.9752894831085114,0.979611190137506,0.979611190137506,0.979611190137506,0.979611190137506
TCGA_HT_8563_19981209_11,0.9548153885876581,0.9548153885876581,0.0,0.9548153885876581,0.9548153885876581,0.9548153885876581,0.9548153885876581,0.9548153885876581,0.9548153885876581,0.9548153885876581,0.9548153885876581,0.9548153885876581,0.9548153885876581,0.9548153885876581,0.9548153885876581,0.9548153885876581,0.9548153885876581,0.9548153885876581,0.9548153885876581,0.9548153885876581,0.9548153885876581,0.9548153885876581,0.9548153885876581,0.9548153885876581,0.9548153885876581,0.9548153885876581,0.9548153885876581,0.9548153885876581,0.9548153885876581,0.9548153885876581,0.9548153885876581,0.9548153885876581,0.9548153885876581
TCGA_HT_A5RC_19990831_20,0.7992270531400966,0.7992270531400966,0.0,0.7992270531400966,0.7992270531400966,0.7992270531400966,0.7992270531400966,0.7992270531400966,0.7992270531400966,0.7992270531400966,0.7992270531400966,0.7992270531400966,0.7992270531400966,0.7992270531400966,0.7992270531400966,0.7992270531400966,0.7992270531400966,0.7992270531400966,0.7992270531400966,0.7992270531400966,0.7992270531400966,0.7992270531400966,0.7992270531400966,0.7992270531400966,0.7992270531400966,0.7992270531400966,0.7992270531400966,0.7992270531400966,0.7992270531400966,0.7992270531400966,0.7992270531400966,0.7992270531400966,0.7992270531400966
TCGA_HT_A616_19991226_17,0.7889908256880734,0.7889908256880734,0.0,0.7889908256880734,0.7889908256880734,0.7889908256880734,0.7889908256880734,0.7889908256880734,0.7889908256880734,0.7889908256880734,0.7889908256880734,0.7889908256880734,0.7889908256880734,0.7889908256880734,0.7889908256880734,0.7889908256880734,0.7889908256880734,0.7889908256880734,0.7889908256880734,0.7889908256880734,0.7889908256880734,0.7889908256880734,0.7889908256880734,0.7889908256880734,0.7889908256880734,0.7889908256880734,0.7889908256880734,0.7889908256880734,0.7889908256880734,0.7889908256880734,0.7889908256880734,0.7889908256880734,0.7889908256880734
TCGA_HT_A61A_20000127_35,0.0,0.95,0.95,0.0,0.9010253191044152,0.9010253191044152,0.9010253191044152,0.9010253191044152,0.9010253191044152,0.9491259084659203,0.9491259084659203,0.9491259084659203,0.9491259084659203,0.9491259084659203,0.9491259084659203,0.95,0.95,0.95,0.95,0.95,0.95,0.95,0.95,0.95,0.95,0.95,0.95,0.95,0.95,0.95,0.95,0.95,0.95
TCGA_HT_A61B_19991127_42,0.9595738013162018,0.9626225490196079,0.0030487477034060184,0.9595738013162018,0.9626225490196079,0.9626225490196079,0.9626225490196079,0.9626225490196079,0.9626225490196079,0.9595738013162018,0.9626225490196079,0.9626225490196079,0.9626225490196079,0.9626225490196079,0.9626225490196079,0.9595738013162018,0.9626225490196079,0.9626225490196079,0.9626225490196079,0.9626225490196079,0.9626225490196079,0.9595738013162018,0.9626225490196079,0.9626225490196079,0.9626225490196079,0.9626225490196079,0.9626225490196079,0.9595738013162018,0.9626225490196079,0.9626225490196079,0.9626225490196079,0.9626225490196079,0.9626225490196079
