"claim","cohort","metric","exact_value","manuscript_value","source_file","scientific_role"
"Canonical label-free delivery","TCGA-LGG","Mean Dice","0,7892658976023633","0.789","finsler_tcga_lgg_candidate_selection_study\results\pure_flair_p1_corrected_finsler/candidate_pool/summary.json","Development"
"Canonical pool ceiling","TCGA-LGG","Oracle mean Dice","0,8722055352837654","0.8722","finsler_tcga_lgg_candidate_selection_study\results\pure_flair_p1_corrected_finsler/candidate_pool/summary.json","Retrospective capacity"
"Canonical selection gap","TCGA-LGG","Mean Dice gap","0,08293963768140215","0.0829","finsler_tcga_lgg_candidate_selection_study\results\pure_flair_p1_corrected_finsler/candidate_pool/summary.json","Retrospective diagnosis"
"Localization success","TCGA-LGG","Cases","106","106/110","finsler_tcga_lgg_candidate_selection_study\results\pure_flair_p1_corrected_finsler/lbs_error_decomposition/summary.json","LBS"
"Boundary representable","TCGA-LGG","Cases","103","103/110","finsler_tcga_lgg_candidate_selection_study\results\pure_flair_p1_corrected_finsler/lbs_error_decomposition/summary.json","LBS"
"Selection failures among representable","TCGA-LGG","Cases","16","16/103","finsler_tcga_lgg_candidate_selection_study\results\pure_flair_p1_corrected_finsler/lbs_error_decomposition/summary.json","LBS"
"Saturation ceiling","TCGA-LGG","Oracle mean Dice","0,9055262127735026","0.9055","finsler_tcga_lgg_candidate_selection_study\results\pure_flair_p1_corrected_finsler/candidate_ceiling_saturation/summary.json","Retrospective capacity"
"Saturation gain","TCGA-LGG","Paired mean Dice","0,033320677489737216","0.0333","finsler_tcga_lgg_candidate_selection_study\results\pure_flair_p1_corrected_finsler/candidate_ceiling_saturation/summary.json","Retrospective capacity"
"Weak-boundary association","TCGA-LGG","Spearman rho","-0,5372342344021559","-0.537","finsler_tcga_lgg_candidate_selection_study\results\pure_flair_p1_corrected_finsler/cross_cohort_boundary_ceiling/summary.json","Mechanism association"
"Weak-boundary association","UCSF-PDGM G2-3","Spearman rho","-0,4376588599889506","-0.438","finsler_tcga_lgg_candidate_selection_study\results\pure_flair_p1_corrected_finsler/cross_cohort_boundary_ceiling/summary.json","External replication"
"Weak-boundary association","BraTS 2023 GLI","Spearman rho","-0,4670740336449599","-0.467","finsler_tcga_lgg_candidate_selection_study\results\pure_flair_p1_corrected_finsler/cross_cohort_boundary_ceiling/summary.json","Stress-test replication"
"ROI-gated delivery","TCGA-LGG","Mean Dice","0,8180439807430702","0.818","finsler_tcga_lgg_candidate_selection_study\results\pure_flair_p1_corrected_finsler/roi_full_metrics/tcga_lgg_summary.json","Secondary development"
"ROI-gated zero failures","TCGA-LGG","Cases","2","2/110","finsler_tcga_lgg_candidate_selection_study\results\pure_flair_p1_corrected_finsler/roi_full_metrics/tcga_lgg_summary.json","Secondary development"
"Frozen external validation","UCSF-PDGM G2-3","Mean Dice","0,7124392349835468","0.712","finsler_tcga_lgg_candidate_selection_study\results\pure_flair_p1_corrected_finsler/ucsf_lower_grade/ucsf_lower_grade_summary.json","Independent external validation"
"Cross-grade stress test","BraTS 2023 GLI","Mean Dice","0,8227410742656524","0.823","finsler_tcga_lgg_candidate_selection_study\results\pure_flair_p1_corrected_finsler/brats2023_stress_test/brats2023_summary.json","Stress test"
"Traversal-only delivery","TCGA-LGG","Mean Dice","0,7892658976023633","0.789","finsler_tcga_lgg_candidate_selection_study\results\pure_flair_p1_corrected_finsler/channel_ablation_frozen/summary.json","Matched channel ablation"
"Alpha-only delivery","TCGA-LGG","Mean Dice","0,6473263900227071","0.647","finsler_tcga_lgg_candidate_selection_study\results\pure_flair_p1_corrected_finsler/channel_ablation_frozen/summary.json","Matched channel ablation"
"Combined delivery","TCGA-LGG","Mean Dice","0,7892658976023633","0.789","finsler_tcga_lgg_candidate_selection_study\results\pure_flair_p1_corrected_finsler/channel_ablation_frozen/summary.json","Matched channel ablation"
"Combined pool ceiling","TCGA-LGG","Oracle mean Dice","0,8997141093732332","0.8997","finsler_tcga_lgg_candidate_selection_study\results\pure_flair_p1_corrected_finsler/channel_ablation_frozen/summary.json","Matched channel ablation"
"Combined oracle-zero failures","TCGA-LGG","Cases","0","0/110","finsler_tcga_lgg_candidate_selection_study\results\pure_flair_p1_corrected_finsler/channel_ablation_frozen/summary.json","Matched channel ablation"

"Matched Otsu baseline","TCGA-LGG","Mean Dice","0.24287124942396354","0.243","finsler_tcga_lgg_candidate_selection_study\results\pure_flair_p1_corrected_finsler/matched_unsupervised_baselines/summary.json","Matched unsupervised control"
"P1 minus Otsu","TCGA-LGG","Paired mean Dice difference (bootstrap 95% CI)","0.5463946481783996 [0.49362983512573155,0.596350631700073]","+0.546 [0.494,0.596]","finsler_tcga_lgg_candidate_selection_study\results\pure_flair_p1_corrected_finsler/matched_unsupervised_baselines/summary.json","Matched unsupervised control"
"Matched AUCseg-BT reimplementation","TCGA-LGG","Mean Dice","0.33147877650543384","0.331","finsler_tcga_lgg_candidate_selection_study\results\pure_flair_p1_corrected_finsler/matched_unsupervised_baselines/summary.json","Matched unsupervised control"
"P1 minus AUCseg-BT reimplementation","TCGA-LGG","Paired mean Dice difference (bootstrap 95% CI)","0.45778712109692943 [0.38437419615168555,0.5297086206999985]","+0.458 [0.384,0.530]","finsler_tcga_lgg_candidate_selection_study\results\pure_flair_p1_corrected_finsler/matched_unsupervised_baselines/summary.json","Matched unsupervised control"
"Persistence beta 0.5 robustness","TCGA-LGG","Mean Dice; difference vs beta 1 (95% CI)","0.7909329358285969; 0.0016670382262335773 [-0.017985755065173296,0.02298664943279302]","0.791; +0.002 [-0.018,0.023]","finsler_tcga_lgg_candidate_selection_study\results\pure_flair_p1_corrected_finsler/selector_robustness_frozen/summary.json","Frozen-pool robustness"
"Persistence beta 2 robustness","TCGA-LGG","Mean Dice; difference vs beta 1 (95% CI)","0.74765733178938; -0.041608565812983216 [-0.07964756822177822,-0.008366993413822073]","0.748; -0.042 [-0.080,-0.008]","finsler_tcga_lgg_candidate_selection_study\results\pure_flair_p1_corrected_finsler/selector_robustness_frozen/summary.json","Frozen-pool robustness"
"Five-seed robustness","TCGA-LGG","Mean Dice; difference vs ten seeds (95% CI)","0.7086868647898834; -0.08057903281247983 [-0.12770079286376546,-0.039575093862147845]","0.709; -0.081 [-0.128,-0.040]","finsler_tcga_lgg_candidate_selection_study\results\pure_flair_p1_corrected_finsler/selector_robustness_frozen/summary.json","Frozen-pool robustness"
"Narrow-window-only robustness","TCGA-LGG","Mean Dice; difference vs both windows (95% CI)","0.7633585168953928; -0.02590738070697041 [-0.05451787028153715,-0.003931585140091927]","0.763; -0.026 [-0.055,-0.004]","finsler_tcga_lgg_candidate_selection_study\results\pure_flair_p1_corrected_finsler/selector_robustness_frozen/summary.json","Frozen-pool robustness"
"Canonical delivery Dice at least 0.70","TCGA-LGG","Cases","88","88/110","finsler_tcga_lgg_candidate_selection_study\results\pure_flair_p1_corrected_finsler/candidate_pool/summary.json","Development"
"Primary delivered Dice interval","TCGA-LGG","Mean Dice (bootstrap 95% CI)","0.7892658976023633 [0.7360257598198985,0.8373450492315891]","0.789 [0.736,0.837]","results/pure_flair_p1_corrected_finsler/primary_performance_intervals.json","Development"
"External delivered Dice interval","UCSF-PDGM G2-3","Mean Dice (bootstrap 95% CI)","0.7124392349835468 [0.6487412806242339,0.7712453560776855]","0.712 [0.649,0.771]","results/pure_flair_p1_corrected_finsler/primary_performance_intervals.json","Independent-data fixed-slice validation"
"Stress-test delivered Dice interval","BraTS 2023 GLI","Mean Dice (patient-cluster bootstrap 95% CI)","0.8227410742656524 [0.7901392836208005,0.8514794445367232]","0.823 [0.790,0.851]","results/pure_flair_p1_corrected_finsler/primary_performance_intervals.json","Cross-grade stress test"
